Id,Id2,Geography,Total; Estimate; Population 18 to 24 years,Total; Estimate; Less than high school graduate,Total; Estimate; High school graduate (includes equivalency),Total; Estimate; Some college or associate's degree,Total; Estimate; Bachelor's degree or higher,Total; Estimate; Population 25 years and over,Total; Estimate; Less than 9th grade,"Total; Estimate; 9th to 12th grade, no diploma",Total; Estimate; High school graduate (includes equivalency),"Total; Estimate; Some college, no degree",Total; Estimate; Associate's degree,Total; Estimate; Bachelor's degree,Total; Estimate; Graduate or professional degree,Total; Estimate; Percent high school graduate or higher,Total; Estimate; Percent bachelor's degree or higher,Total; Estimate; Population 25 to 34 years,Total; Estimate; High school graduate or higher,Total; Estimate; Bachelor's degree or higher,Total; Estimate; Population 35 to 44 years,Total; Estimate; High school graduate or higher,Total; Estimate; Bachelor's degree or higher,Total; Estimate; Population 45 to 64 years,Total; Estimate; High school graduate or higher,Total; Estimate; Bachelor's degree or higher,Total; Estimate; Population 65 years and over,Total; Estimate; High school graduate or higher,Total; Estimate; Bachelor's degree or higher
1400000US42101000100,42101000100,"Census Tract 1, Philadelphia County, Pennsylvania",234,6.8,9.8,9,74.4,2752,2.9,3.9,6.3,11.3,3.3,39,33.4,93.3,72.3,1570,99,87,437,89.7,74.8,568,89.1,40.3,177,65,38.4
1400000US42101000200,42101000200,"Census Tract 2, Philadelphia County, Pennsylvania",101,24.8,40.6,28.7,5.9,1602,20.6,20.5,21.1,3.6,0.9,17.5,15.9,58.9,33.3,629,81.1,54.7,256,65.6,13.7,389,54,34.2,328,16.8,6.7
1400000US42101000300,42101000300,"Census Tract 3, Philadelphia County, Pennsylvania",1476,0,20.3,71.2,8.5,2551,0,2.2,13.8,13.4,1.7,25.4,43.4,97.8,68.8,1181,100,73.8,374,97.1,74.6,577,95.8,88.2,419,94.7,22.7
1400000US42101000401,42101000401,"Census Tract 4.01, Philadelphia County, Pennsylvania",205,0,0,22.4,77.6,1247,0,6.9,14.8,4.9,1.9,45.6,25.9,93.1,71.5,643,95,88.5,70,100,65.7,166,89.2,52.4,368,90.2,51.6
1400000US42101000402,42101000402,"Census Tract 4.02, Philadelphia County, Pennsylvania",176,7.4,0,21.6,71,2942,0.5,1.6,20.8,13.7,4.5,23.3,35.6,97.9,58.9,534,100,84.1,132,100,56.8,907,98.5,59.1,1369,96.6,49.2
1400000US42101000500,42101000500,"Census Tract 5, Philadelphia County, Pennsylvania",262,21.4,26.3,24,28.2,1325,14.3,10.9,21.1,13.4,2.6,13.4,24.2,74.8,37.6,637,84.3,54.3,325,76.9,20,313,55.3,20.4,50,62,46
1400000US42101000600,42101000600,"Census Tract 6, Philadelphia County, Pennsylvania",738,0,49.5,40.9,9.6,803,6.4,1.5,13.6,2.9,1.5,21.2,53.1,92.2,74.2,370,100,100,148,91.9,83.8,264,80.7,34.8,21,100,47.6
1400000US42101000700,42101000700,"Census Tract 7, Philadelphia County, Pennsylvania",475,10.7,0,26.3,62.9,2063,0,4.1,9.9,8.6,2.3,41.3,33.9,95.9,75.1,880,94.5,91.7,190,100,72.6,539,97.6,80.5,454,94.9,37.7
1400000US42101000801,42101000801,"Census Tract 8.01, Philadelphia County, Pennsylvania",118,0,11,22.9,66.1,1280,0,2.2,1.3,5,0,52.8,38.8,97.8,91.6,711,96.1,93.1,280,100,100,220,100,73.2,69,100,100
1400000US42101000803,42101000803,"Census Tract 8.03, Philadelphia County, Pennsylvania",250,18.8,5.2,14.4,61.6,3322,0,0,5.3,5.8,1.4,31.1,56.5,100,87.5,1393,100,95.2,390,100,72.8,844,100,85.4,695,100,83
1400000US42101000804,42101000804,"Census Tract 8.04, Philadelphia County, Pennsylvania",246,0,8.1,24,67.9,2542,0.7,0,3.4,9,1.6,35.2,50.1,99.3,85.4,1348,100,100,308,97.4,82.8,562,98.4,70.3,324,100,53.1
1400000US42101000901,42101000901,"Census Tract 9.01, Philadelphia County, Pennsylvania",203,0,11.8,19.7,68.5,1540,1.1,1.1,6.7,10.8,6,36.3,37.9,97.8,74.2,707,97.6,86.6,308,100,53.2,434,96.1,70.3,91,100,68.1
1400000US42101000902,42101000902,"Census Tract 9.02, Philadelphia County, Pennsylvania",645,0,8.1,22.8,69.1,1558,7.4,10.7,11,7.3,0,33.2,30.4,81.8,63.6,660,97.3,88.8,88,100,73.9,214,92.1,57.5,596,58.4,36.4
1400000US42101001001,42101001001,"Census Tract 10.01, Philadelphia County, Pennsylvania",60,0,61.7,0,38.3,1983,0,3.8,11.3,8.1,3.1,26.2,47.5,96.2,73.7,344,100,86.3,276,100,95.3,765,100,67.1,598,87.5,65.1
1400000US42101001002,42101001002,"Census Tract 10.02, Philadelphia County, Pennsylvania",415,0,0,60,40,2803,0.6,3.2,4.2,8.9,4.6,24.8,53.8,96.3,78.6,769,100,95.8,486,100,81.7,918,97.2,70.5,630,87.5,66.8
1400000US42101001101,42101001101,"Census Tract 11.01, Philadelphia County, Pennsylvania",636,5.5,14.2,45.8,34.6,2529,0.5,4.8,8.8,11.8,3.2,27.6,43.3,94.7,70.9,1036,100,87.4,347,100,77.8,783,93.9,58.7,363,76.3,43.5
1400000US42101001102,42101001102,"Census Tract 11.02, Philadelphia County, Pennsylvania",377,4,5.8,15.6,74.5,1830,0,0,4.6,1.7,4.2,36.8,52.6,100,89.4,945,100,87.9,342,100,83.9,478,100,96.9,65,100,84.6
1400000US42101001201,42101001201,"Census Tract 12.01, Philadelphia County, Pennsylvania",259,0,19.3,29,51.7,2617,0,0.7,3.2,13.3,4.2,32,46.6,99.3,78.6,1031,100,84.7,686,100,74.8,620,100,74.4,280,93.6,75
1400000US42101001202,42101001202,"Census Tract 12.02, Philadelphia County, Pennsylvania",656,0,15.1,30.3,54.6,3819,0.4,3.7,4,7.3,4.7,39.7,40.2,95.9,79.8,1692,100,91.7,774,97.4,67.1,940,93.9,81.8,413,80.4,50.8
1400000US42101001300,42101001300,"Census Tract 13, Philadelphia County, Pennsylvania",516,4.1,38.8,34.9,22.3,3762,1.5,9.3,19.5,16.4,2.4,22,28.9,89.2,50.9,1531,96.2,68.8,805,93.9,43.9,963,85.7,46.1,463,65.4,14.3
1400000US42101001400,42101001400,"Census Tract 14, Philadelphia County, Pennsylvania",417,9.1,33.3,23.5,34.1,2915,3.3,4.3,10.9,9.1,5.9,38.5,28,92.3,66.5,1333,100,76.1,593,100,88.2,596,96.8,67.3,393,48.1,0
1400000US42101001500,42101001500,"Census Tract 15, Philadelphia County, Pennsylvania",169,16.6,0,34.9,48.5,2133,2.8,9,12.8,14.5,3.2,27.8,29.9,88.2,57.7,770,94.5,68.8,405,91.4,68.4,706,89.7,54.8,252,59.9,14.3
1400000US42101001600,42101001600,"Census Tract 16, Philadelphia County, Pennsylvania",205,0,4.4,61,34.6,1566,2.9,0.4,12.4,10.7,7.9,38.4,27.5,96.7,65.8,582,100,74.2,385,100,54.5,447,97.8,72,152,73,44.1
1400000US42101001700,42101001700,"Census Tract 17, Philadelphia County, Pennsylvania",180,0,24.4,32.2,43.3,2340,3.6,1.9,8.8,9.7,8,36,32,94.4,67.9,950,98,82.9,449,100,79.3,683,89.2,53.4,258,85.7,31.4
1400000US42101001800,42101001800,"Census Tract 18, Philadelphia County, Pennsylvania",441,8.4,32,42.6,17,2220,2.8,11.1,21,5.4,2.5,31,26.2,86.1,57.2,775,98.3,78.3,404,100,78,650,75.2,40.6,391,65.5,21.5
1400000US42101001900,42101001900,"Census Tract 19, Philadelphia County, Pennsylvania",250,4,12.8,67.2,16,2120,7.4,14.4,23.9,10.4,2.5,25.2,16.3,78.3,41.5,821,92.7,66.7,576,73.8,34.7,433,84.1,28.4,290,37.6,3.1
1400000US42101002000,42101002000,"Census Tract 20, Philadelphia County, Pennsylvania",186,53.2,19.4,27.4,0,1093,3.7,28.7,23.7,13.6,7.7,14.1,8.5,67.6,22.6,216,87.5,27.3,200,60.5,41,430,72.8,21.2,247,47,6.1
1400000US42101002100,42101002100,"Census Tract 21, Philadelphia County, Pennsylvania",252,10.7,87.3,2,0,1118,0.9,12.9,45.3,22.1,2.2,11.4,5.1,86.2,16.5,287,100,42.2,182,95.1,6.6,431,84.7,7.9,218,63.8,8.3
1400000US42101002200,42101002200,"Census Tract 22, Philadelphia County, Pennsylvania",138,23.9,41.3,23.2,11.6,1250,4.3,17.8,26.2,11.4,2.3,17.2,20.7,77.9,37.9,383,94.5,53,274,92.7,19.7,458,63.1,38.2,135,51.1,31.1
1400000US42101002300,42101002300,"Census Tract 23, Philadelphia County, Pennsylvania",375,6.9,42.1,36.8,14.1,2047,16.7,12,21.7,14.7,6,20.6,8.3,71.3,28.9,517,75.4,42.9,539,72,25.6,655,76.6,27.6,336,53.6,15.2
1400000US42101002400,42101002400,"Census Tract 24, Philadelphia County, Pennsylvania",994,47.8,14.9,17.8,19.5,3001,10,9.4,23.7,9.3,4.8,21,21.8,80.6,42.8,1190,95,61.3,398,71.4,40.2,1013,77,37.4,400,55.8,3.8
1400000US42101002500,42101002500,"Census Tract 25, Philadelphia County, Pennsylvania",527,12.9,44,30.2,12.9,2469,6.7,10.8,36.7,13.4,3.6,17.5,11.3,82.5,28.8,531,82.3,51.4,665,93.8,32,766,85.8,23.4,507,62.9,9.1
1400000US42101002701,42101002701,"Census Tract 27.01, Philadelphia County, Pennsylvania",266,36.8,45.1,14.3,3.8,2341,16.3,8.5,42.2,10.1,5.5,6.3,11.1,75.2,17.4,886,76.2,22.9,460,71.7,17.6,781,82.5,14.7,214,51.9,4.2
1400000US42101002702,42101002702,"Census Tract 27.02, Philadelphia County, Pennsylvania",297,3.7,30.3,23.2,42.8,2525,5.7,12.6,27.4,14.9,0.5,30.3,8.8,81.8,39,664,100,63.1,613,96.4,48.8,808,75,31.2,440,46.4,3.6
1400000US42101002801,42101002801,"Census Tract 28.01, Philadelphia County, Pennsylvania",669,27.8,50.5,12.9,8.8,2765,18.8,29.5,17.8,14.7,3.5,11.5,4.3,51.7,15.8,904,58.1,27.7,537,47.7,13,838,58.5,9.5,486,32.5,7.4
1400000US42101002802,42101002802,"Census Tract 28.02, Philadelphia County, Pennsylvania",463,21.2,38,27.6,13.2,3677,7.2,18.1,36.4,7.9,3.6,14.9,11.9,74.7,26.8,1212,88.2,46.4,495,89.3,12.3,1151,69.6,17.1,819,53,20.1
1400000US42101002900,42101002900,"Census Tract 29, Philadelphia County, Pennsylvania",259,5,34,39.4,21.6,3086,3.5,11.7,35.1,15.4,2,14.8,17.6,84.8,32.3,856,92.2,60,471,85.8,37.8,1080,92.4,24.6,679,62.9,5.9
1400000US42101003001,42101003001,"Census Tract 30.01, Philadelphia County, Pennsylvania",489,7.6,49.3,43.1,0,2750,17.5,12.4,34,13.5,5.6,12.2,4.8,70.2,17,729,85.3,36.8,738,82.1,14.4,795,62.4,10.6,488,42.2,2
1400000US42101003002,42101003002,"Census Tract 30.02, Philadelphia County, Pennsylvania",442,0,45,41.9,13.1,1777,7,21.4,30.3,21.2,10.4,5.2,4.5,71.6,9.7,403,89.6,19.1,344,70.6,6.1,723,75.9,9,307,38.8,3.3
1400000US42101003100,42101003100,"Census Tract 31, Philadelphia County, Pennsylvania",341,26.7,39.3,34,0,2601,8.3,18.6,37.1,20.8,4.5,4,6.7,73.2,10.7,463,90.1,20.7,490,77.8,6.5,979,79.2,13.8,669,49.3,2.2
1400000US42101003200,42101003200,"Census Tract 32, Philadelphia County, Pennsylvania",305,52.5,17,30.5,0,2991,4.2,23.4,50.3,12.7,6.2,1.8,1.3,72.4,3.1,421,70.3,11.9,780,86.9,4.2,1107,69.9,1,683,61.1,0
1400000US42101003300,42101003300,"Census Tract 33, Philadelphia County, Pennsylvania",671,14,55.7,22.7,7.6,3626,6.5,24.4,48.2,10.9,4.4,4.9,0.7,69.1,5.6,1054,78.1,3.4,599,67.3,11,1329,71.6,2.3,644,50.8,10.9
1400000US42101003600,42101003600,"Census Tract 36, Philadelphia County, Pennsylvania",900,41.3,30.2,24.9,3.6,3772,10.9,22.7,35,14.2,2.9,12.3,2.1,66.4,14.3,770,94.7,20.9,688,73.8,25,1150,66.1,7.9,1164,43.7,10.1
1400000US42101003701,42101003701,"Census Tract 37.01, Philadelphia County, Pennsylvania",741,46.8,37.4,13.2,2.6,3899,6.7,20,49.2,11.5,3.1,7.7,1.7,73.3,9.5,1009,85,13.7,810,73,1.4,1582,72.5,9.8,498,52.6,13.3
1400000US42101003702,42101003702,"Census Tract 37.02, Philadelphia County, Pennsylvania",304,14.5,39.1,42.8,3.6,2057,6.1,14,40.9,16.3,7.2,10.6,4.9,79.9,15.5,426,75.4,12.9,369,87.8,28.5,903,79.7,13.5,359,77.4,10
1400000US42101003800,42101003800,"Census Tract 38, Philadelphia County, Pennsylvania",222,0,30.6,51.4,18,2955,5.7,9.9,37.4,12.1,7.6,15.4,12,84.4,27.3,537,98,58.1,622,92.9,35.7,1012,96.1,24.8,784,53.3,2.9
1400000US42101003901,42101003901,"Census Tract 39.01, Philadelphia County, Pennsylvania",720,23.2,32.4,39.3,5.1,4602,8,14.6,40.2,17.2,2.8,12.1,5.1,77.4,17.2,1408,91.7,36.4,848,81.5,18,1439,74.4,4.2,907,56.3,7.3
1400000US42101003902,42101003902,"Census Tract 39.02, Philadelphia County, Pennsylvania",576,2.3,29,39.9,28.8,3814,2.1,11.6,48.2,18,3.8,13.8,2.4,86.3,16.3,435,100,57.9,775,97.9,11,1586,89.8,11,1018,66,10.6
1400000US42101004001,42101004001,"Census Tract 40.01, Philadelphia County, Pennsylvania",329,12.8,26.1,49.5,11.6,3181,6.8,14.7,33.8,16.5,3,19.1,6.2,78.5,25.2,1032,79.6,46.2,471,100,35.5,969,84.7,10.7,709,54.2,7.6
1400000US42101004002,42101004002,"Census Tract 40.02, Philadelphia County, Pennsylvania",300,13.7,17,47,22.3,3519,7.1,10.9,45.7,15.4,3.6,9.3,8,82,17.3,886,88,31.5,491,94.1,22.6,1102,89.4,16.1,1040,63.3,3.9
1400000US42101004101,42101004101,"Census Tract 41.01, Philadelphia County, Pennsylvania",477,19.1,64.2,13.4,3.4,3483,28.9,25.1,26.1,10.8,1.5,5,2.7,46.1,7.7,962,50.2,9.5,485,53.2,15.5,1364,47.9,7.6,672,31.3,0
1400000US42101004102,42101004102,"Census Tract 41.02, Philadelphia County, Pennsylvania",849,13.4,43.9,27.3,15.3,4487,18.7,16.8,37,10.3,5.8,9.4,2.1,64.5,11.4,1332,80.6,27.4,869,73,9.3,1453,56.8,1.8,833,43.2,4.8
1400000US42101004201,42101004201,"Census Tract 42.01, Philadelphia County, Pennsylvania",537,26.3,19.7,51,3,3720,10.5,12.7,44.3,13.9,2.1,11.7,4.8,76.8,16.5,887,90.6,34.5,730,90.5,20,1298,81.2,10.8,805,42,2.9
1400000US42101004202,42101004202,"Census Tract 42.02, Philadelphia County, Pennsylvania",646,33,26,24.3,16.7,3418,12,19.6,37.8,14.5,5.7,9.2,1.2,68.4,10.4,738,88.2,28.5,535,59.1,11.4,1341,74.8,6.3,804,45.8,0
1400000US42101005000,42101005000,"Census Tract 50, Philadelphia County, Pennsylvania",0,-,-,-,-,0,-,-,-,-,-,-,-,-,-,0,-,-,0,-,-,0,-,-,0,-,-
1400000US42101005400,42101005400,"Census Tract 54, Philadelphia County, Pennsylvania",248,0,0,46.8,53.2,1027,6.6,0,21,24.4,16.1,22,9.8,93.4,31.8,164,100,67.7,292,100,36,469,92.8,20,102,66.7,16.7
1400000US42101005500,42101005500,"Census Tract 55, Philadelphia County, Pennsylvania",535,14.2,19.4,48,18.3,4183,3.9,9.6,42,21.8,5.5,9.4,8,86.5,17.4,996,77.8,28.4,861,100,14.6,1667,90.9,14,659,71,12.6
1400000US42101005600,42101005600,"Census Tract 56, Philadelphia County, Pennsylvania",169,0,27.8,31.4,40.8,772,0,8.3,35.9,29.8,4.5,19.9,1.6,91.7,21.5,165,100,53.3,209,100,30.6,287,86.8,2.8,111,76.6,5.4
1400000US42101006000,42101006000,"Census Tract 60, Philadelphia County, Pennsylvania",333,8.1,46.2,40.8,4.8,4271,4.1,8.7,43.3,25.9,5.1,10.6,2.5,87.2,13,679,91.6,12.4,1187,98.8,15.1,1617,90.2,16.5,788,60,3.6
1400000US42101006100,42101006100,"Census Tract 61, Philadelphia County, Pennsylvania",440,23.9,35.7,22,18.4,2017,9.3,12.5,46.7,13.3,4.9,10.6,2.7,78.2,13.3,277,100,12.6,580,75.9,23.1,709,79.4,11.7,451,66.1,3.8
1400000US42101006200,42101006200,"Census Tract 62, Philadelphia County, Pennsylvania",551,17.6,40.8,34.1,7.4,1968,5.2,13.6,44.3,23.3,5.8,7.1,0.6,81.1,7.7,554,96.2,19.1,675,73.6,3.3,494,76.3,2.4,245,77.6,4.9
1400000US42101006300,42101006300,"Census Tract 63, Philadelphia County, Pennsylvania",591,31.3,50.1,12.2,6.4,1964,10.5,21.4,40.6,13.5,4.3,8.5,1.2,68.1,9.6,516,69.8,12.2,452,68.1,11.1,838,69.6,6.3,158,54.4,14.6
1400000US42101006400,42101006400,"Census Tract 64, Philadelphia County, Pennsylvania",859,28.3,54.5,17.2,0,2419,7.7,21.2,42.5,13.4,4.6,7.4,3.3,71.1,10.6,602,87.2,3.7,577,70.9,20.5,920,67.3,7.8,320,52.2,14.1
1400000US42101006500,42101006500,"Census Tract 65, Philadelphia County, Pennsylvania",663,19.8,40.9,34.7,4.7,3217,3.1,18.4,45.9,19.1,6.6,4.9,2,78.5,6.9,811,80.6,12.3,630,77.9,1.6,1152,85.8,8.4,624,62.8,2.4
1400000US42101006600,42101006600,"Census Tract 66, Philadelphia County, Pennsylvania",557,19.4,51.2,29.4,0,2591,8.7,25.3,43.3,9.6,11.4,1.3,0.4,66,1.7,833,77.2,2.4,479,54.5,0,861,65.5,2.7,418,58.1,0
1400000US42101006700,42101006700,"Census Tract 67, Philadelphia County, Pennsylvania",1450,32.6,23.9,41.9,1.6,3574,8.8,18.6,37.9,14.9,10.2,7.8,1.7,72.6,9.5,805,92,14.5,1119,83,10.3,1288,57.5,8.4,362,50.8,0
1400000US42101006900,42101006900,"Census Tract 69, Philadelphia County, Pennsylvania",442,28.3,47.1,10.2,14.5,1384,1.1,24.2,48.6,18.4,2.7,5.1,0,74.7,5.1,446,74.4,10.3,305,93.8,3.3,564,68.6,1.1,69,42,11.6
1400000US42101007000,42101007000,"Census Tract 70, Philadelphia County, Pennsylvania",519,22,51.4,26.6,0,3168,4.4,24.3,40.8,16.2,4.5,3.9,6.1,71.3,9.9,731,80.2,9.4,646,82.2,11.6,1253,75.5,10.2,538,36.6,7.8
1400000US42101007101,42101007101,"Census Tract 71.01, Philadelphia County, Pennsylvania",159,47.8,32.7,19.5,0,1673,5.3,21,46.7,15.9,5.9,5.1,0,73.7,5.1,468,97.9,3.4,465,71.4,10.8,419,62.8,3.3,321,56.1,1.9
1400000US42101007102,42101007102,"Census Tract 71.02, Philadelphia County, Pennsylvania",283,21.2,74.6,4.2,0,3264,3.8,27.4,42.7,9.8,6.8,4.1,5.4,68.8,9.4,585,89.9,19.8,483,79.3,3.9,1521,60.2,11.4,675,62.4,0
1400000US42101007200,42101007200,"Census Tract 72, Philadelphia County, Pennsylvania",634,31.7,34.1,34.2,0,2854,4.7,14.8,47,14.4,7.8,11.2,0,80.4,11.2,579,85.3,23.1,491,87.6,15.1,1108,84.8,6.9,676,63.9,5.3
1400000US42101007300,42101007300,"Census Tract 73, Philadelphia County, Pennsylvania",460,14.3,70,15.7,0,1874,3.4,28.3,32.7,14.2,8.4,6.1,6.8,68.3,13,436,92.4,43.6,283,63.6,2.5,762,63.9,4.2,393,53.4,3.6
1400000US42101007400,42101007400,"Census Tract 74, Philadelphia County, Pennsylvania",637,3.1,56.5,37.4,3,2646,2.3,20,45.6,14.8,4.8,7,5.4,77.7,12.4,451,74.5,12.6,458,93.2,20.7,1191,82,13.1,546,57.7,3.8
1400000US42101007700,42101007700,"Census Tract 77, Philadelphia County, Pennsylvania",1593,0,22.3,74.3,3.4,848,4.8,11.1,25.4,14,5.7,12,27,84.1,39,383,100,57.2,147,100,41.5,254,50.8,0.8,64,84.4,76.6
1400000US42101007800,42101007800,"Census Tract 78, Philadelphia County, Pennsylvania",892,2.4,14.2,48.2,35.2,2640,1.9,10.7,8.1,14.4,2.2,35,27.7,87.4,62.8,1261,91.4,77,421,95.5,62.7,770,79.1,46.5,188,76.6,34
1400000US42101007900,42101007900,"Census Tract 79, Philadelphia County, Pennsylvania",683,6.9,6,34.1,53,3148,4.5,3.5,12.2,15.9,6.2,23.6,34,92,57.7,1490,100,67.6,541,100,66.4,809,86,46.8,308,54.9,22.7
1400000US42101008000,42101008000,"Census Tract 80, Philadelphia County, Pennsylvania",175,28.6,8.6,36,26.9,2739,5.5,20.4,22.7,24.4,2.5,17.8,6.7,74.1,24.5,712,87.5,41.9,492,78.3,38.2,911,74.5,11.1,624,54.8,13.6
1400000US42101008101,42101008101,"Census Tract 81.01, Philadelphia County, Pennsylvania",213,6.1,35.7,58.2,0,1501,6.8,13.4,44.7,17.3,8.6,6.9,2.3,79.8,9.3,152,100,42.1,333,91.3,0,648,79.9,4.5,368,60.9,12.5
1400000US42101008102,42101008102,"Census Tract 81.02, Philadelphia County, Pennsylvania",837,11.1,60.2,24.1,4.5,3090,2.5,14.7,48.9,16.4,4.7,8.5,4.4,82.8,12.9,405,86.4,10.4,498,85.9,33.7,1422,88.5,7,765,68.1,11.6
1400000US42101008200,42101008200,"Census Tract 82, Philadelphia County, Pennsylvania",1212,20.9,41.7,35.4,2,5078,8.7,13,42.8,20.2,3.3,7.6,4.3,78.2,11.9,930,86.2,7.5,923,95.3,7.5,1794,77.1,18,1431,63.4,10
1400000US42101008301,42101008301,"Census Tract 83.01, Philadelphia County, Pennsylvania",325,15.4,13.8,65.8,4.9,2868,5.1,18,37.2,22.9,9.4,6.9,0.6,77,7.5,420,98.6,23.1,329,88.8,12.8,1140,81.3,3.9,979,58.7,3.3
1400000US42101008302,42101008302,"Census Tract 83.02, Philadelphia County, Pennsylvania",630,20,35.1,41,4,2397,3.3,17.4,47.6,24.8,1.4,4.1,1.4,79.3,5.5,344,81.7,3.8,481,92.5,2.3,1019,86.9,9.5,553,52.4,2.2
1400000US42101008400,42101008400,"Census Tract 84, Philadelphia County, Pennsylvania",591,26.9,24,37.9,11.2,2952,4,13,48.5,20.6,5.8,4.1,4,83,8.1,539,89.8,7.4,737,89.4,3.5,989,89.3,10.9,687,61.9,9.3
1400000US42101008500,42101008500,"Census Tract 85, Philadelphia County, Pennsylvania",886,29,48,16.3,6.8,3839,10.4,19.4,31.6,21.9,4.2,10.4,2.1,70.2,12.5,614,62.7,8,459,80.8,18.7,1830,77.7,17.5,936,55.3,2.8
1400000US42101008601,42101008601,"Census Tract 86.01, Philadelphia County, Pennsylvania",427,7,20.1,40.5,32.3,1983,0.8,4.3,22.1,10.4,11.3,24.6,26.5,94.9,51,1004,96.3,54.4,365,95.6,56.7,515,90.5,38.3,99,100,62.6
1400000US42101008602,42101008602,"Census Tract 86.02, Philadelphia County, Pennsylvania",351,18.2,20.2,30.5,31.1,1896,5.7,12.6,26,22.4,0.9,19.8,12.5,81.6,32.3,863,95.5,61.8,128,70.3,0,626,73.6,5.1,279,62,17.2
1400000US42101008701,42101008701,"Census Tract 87.01, Philadelphia County, Pennsylvania",1244,5.9,1,49.2,44,2680,6.4,5.1,11.3,15.2,4.5,32,25.6,88.5,57.6,1159,100,75,632,97.6,56.2,616,77.9,49.8,273,42.5,4.4
1400000US42101008702,42101008702,"Census Tract 87.02, Philadelphia County, Pennsylvania",1416,0,4,67.2,28.8,1852,2.3,3,12.4,7.1,8.2,31.4,35.6,94.7,67,950,100,77.1,337,93.2,57.9,451,87.6,53.9,114,83.3,62.3
1400000US42101008801,42101008801,"Census Tract 88.01, Philadelphia County, Pennsylvania",1009,0,15.9,76.9,7.2,157,0,0,0,41.4,28,19.7,10.8,100,30.6,32,100,100,60,100,26.7,65,100,0,0,-,-
1400000US42101008802,42101008802,"Census Tract 88.02, Philadelphia County, Pennsylvania",5002,0,4.3,83.9,11.8,714,0,2.4,17.8,2.9,1.4,41.6,33.9,97.6,75.5,610,100,86.1,61,100,23,43,60.5,0,0,-,-
1400000US42101009000,42101009000,"Census Tract 90, Philadelphia County, Pennsylvania",3263,0.3,20.6,73.5,5.6,878,1,2.5,14.9,13.6,5.9,22.7,39.4,96.5,62.1,346,100,76.3,123,100,72.4,354,94.4,43.8,55,80,67.3
1400000US42101009100,42101009100,"Census Tract 91, Philadelphia County, Pennsylvania",532,1.7,19,35.3,44,1528,7.1,13,29.8,15.1,0.8,14.5,19.7,79.9,34.2,420,93.8,62.9,157,100,58.6,482,89.6,22.4,469,50.7,12.4
1400000US42101009200,42101009200,"Census Tract 92, Philadelphia County, Pennsylvania",215,0,43.7,38.6,17.7,1619,5.5,22.6,28.5,21.9,4.4,12.4,4.7,71.9,17,592,91,33.8,247,73.3,17,561,57,2.7,219,56.6,8.7
1400000US42101009300,42101009300,"Census Tract 93, Philadelphia County, Pennsylvania",277,11.9,52,28.9,7.2,2562,4.2,12.7,40.4,19.6,8.9,9.2,5.2,83.1,14.3,398,88.9,20.4,717,84.4,4.9,869,84.8,23.4,578,75.1,8.3
1400000US42101009400,42101009400,"Census Tract 94, Philadelphia County, Pennsylvania",333,19.8,67,13.2,0,2231,5.9,22.8,35.9,20.8,9.3,2.4,2.9,71.3,5.3,390,84.6,9,397,86.4,0,940,69.5,5.3,504,52.6,6.5
1400000US42101009500,42101009500,"Census Tract 95, Philadelphia County, Pennsylvania",561,22.6,57.6,15.2,4.6,2081,6.5,23.2,38.3,17.9,3.9,6.1,4,70.3,10.1,353,80.7,15.6,465,70.3,19.6,802,71.9,5.1,461,59.4,5.2
1400000US42101009600,42101009600,"Census Tract 96, Philadelphia County, Pennsylvania",471,15.5,28.5,56.1,0,2588,10.8,9.8,43.9,23.3,6.5,2.7,2.9,79.4,5.7,362,96.1,8.6,754,87.4,3.6,1039,78.1,6.1,433,54.7,6
1400000US42101009801,42101009801,"Census Tract 98.01, Philadelphia County, Pennsylvania",162,0,70.4,29.6,0,1358,1,2,40.5,28.2,6.8,6.8,14.7,97.1,21.5,73,100,27.4,447,98,21,502,100,35.5,336,90.8,0
1400000US42101009802,42101009802,"Census Tract 98.02, Philadelphia County, Pennsylvania",476,5.5,27.5,43.3,23.7,3134,1.1,5.8,30.5,22.8,13.2,14.6,12,93,26.5,724,97.5,24,886,100,31.3,1194,87.9,28.6,330,83,11.8
1400000US42101010000,42101010000,"Census Tract 100, Philadelphia County, Pennsylvania",595,19.8,32.8,38.3,9.1,2947,3.6,16.5,35,24.5,5.9,10.8,3.7,79.9,14.5,770,99.6,17.5,710,72.1,10.3,1119,81.9,16.6,348,45.7,9.8
1400000US42101010100,42101010100,"Census Tract 101, Philadelphia County, Pennsylvania",372,18,18.8,49.5,13.7,3650,4.7,14.3,46.3,14.8,5,9,5.8,81,14.9,653,100,19.4,605,95.2,20.5,1595,81.8,14.4,797,53.1,7.9
1400000US42101010200,42101010200,"Census Tract 102, Philadelphia County, Pennsylvania",207,9.7,70,20.3,0,1627,6.1,28.2,37.3,20,4,3.5,0.8,65.6,4.3,315,65.7,0,249,64.7,10.4,628,85.4,4.9,435,37.7,3
1400000US42101010300,42101010300,"Census Tract 103, Philadelphia County, Pennsylvania",144,43.8,39.6,16.7,0,1511,2.9,18.3,48.6,10.3,10.1,8,1.7,78.8,9.7,404,92.8,7.7,223,100,8.5,584,66.4,16.6,300,68,0
1400000US42101010400,42101010400,"Census Tract 104, Philadelphia County, Pennsylvania",411,14.8,60.1,18.5,6.6,1771,4.2,22.5,35.9,18.2,10.1,9.1,0,73.3,9.1,289,73,5.5,439,88.4,18.7,645,71.6,9.9,398,59.8,0
1400000US42101010500,42101010500,"Census Tract 105, Philadelphia County, Pennsylvania",465,14.8,56.6,28.6,0,1940,10.4,21.8,33,19.7,5.6,4.3,5.2,67.8,9.5,292,87.3,14,327,85.3,7,735,73.3,13.6,586,41.5,3.4
1400000US42101010600,42101010600,"Census Tract 106, Philadelphia County, Pennsylvania",92,31.5,37,17.4,14.1,731,2.6,17.1,42.5,13.5,4.1,15,5.1,80.3,20.1,86,100,0,214,81.3,21,231,86.1,30.3,200,64,16
1400000US42101010700,42101010700,"Census Tract 107, Philadelphia County, Pennsylvania",585,38.8,50.6,9.2,1.4,2091,5.6,24.2,40.9,19.9,2.3,5.8,1.2,70.2,7,463,100,21.6,454,65.4,2.2,783,68.6,3.7,391,43.5,2
1400000US42101010800,42101010800,"Census Tract 108, Philadelphia County, Pennsylvania",430,25.3,47,22.1,5.6,2122,7.4,31.4,30.1,20.5,4.8,4.2,1.6,61.2,5.8,506,83.2,18.8,313,80.5,0,968,57,3,335,22.1,0
1400000US42101010900,42101010900,"Census Tract 109, Philadelphia County, Pennsylvania",635,9.4,20.3,64.9,5.4,1153,2.9,14.7,47.7,19.3,2.1,4.1,9.3,82.4,13.4,277,100,11.6,190,100,23.7,537,77.5,13.2,149,45,4
1400000US42101011000,42101011000,"Census Tract 110, Philadelphia County, Pennsylvania",355,48.2,27.9,18.9,5.1,2349,9.2,25.9,32.7,15.2,5.2,9.8,2,64.9,11.8,365,82.7,14.8,512,70.7,15.2,1106,64.7,12.2,366,39.6,2.7
1400000US42101011100,42101011100,"Census Tract 111, Philadelphia County, Pennsylvania",525,12.6,26.9,41.5,19,2161,5.6,17.1,43.3,19.3,8.8,3.8,2.2,77.4,6,465,95.7,7.5,373,84.7,3.5,910,77.8,6.7,413,49.2,5.1
1400000US42101011200,42101011200,"Census Tract 112, Philadelphia County, Pennsylvania",670,33.6,53.7,12.7,0,3455,5.4,14.8,44.5,27.2,3.4,2.3,2.5,79.9,4.8,885,79.3,4,656,81.7,1.8,1320,85.2,7.5,594,66.8,3.2
1400000US42101011300,42101011300,"Census Tract 113, Philadelphia County, Pennsylvania",99,22.2,14.1,44.4,19.2,2080,4.2,17.1,31.1,28.9,10.4,5.7,2.7,78.7,8.4,313,87.9,10.5,498,74.9,1.6,814,83.3,10.6,455,68.4,10.3
1400000US42101011400,42101011400,"Census Tract 114, Philadelphia County, Pennsylvania",564,24.6,27.1,48.2,0,4882,2.3,13.9,39,24.8,8.5,5.4,6,83.8,11.5,1271,90.2,4.2,918,88.1,22,1672,89.5,15.1,1021,62.5,4.9
1400000US42101011500,42101011500,"Census Tract 115, Philadelphia County, Pennsylvania",437,8.5,14.6,73.9,3,2702,2.9,15.2,22.5,31.5,13.4,7.6,6.8,81.9,14.4,331,76.1,45,949,93.2,14.2,1231,79.4,5.8,191,51.8,18.3
1400000US42101011700,42101011700,"Census Tract 117, Philadelphia County, Pennsylvania",1797,0,13.1,86.4,0.5,896,0,9.5,22.8,22.2,1.6,15.7,28.2,90.5,44,232,100,40.9,81,100,76.5,253,100,58.5,330,74.2,27
1400000US42101011800,42101011800,"Census Tract 118, Philadelphia County, Pennsylvania",768,16.9,26.3,47.4,9.4,4374,1,12.9,30.1,30.7,9.1,12.3,3.9,86.1,16.1,659,100,52.8,685,81.6,6.9,1914,91.5,13.2,1116,71.4,5.2
1400000US42101011900,42101011900,"Census Tract 119, Philadelphia County, Pennsylvania",1052,14.6,22.7,56.9,5.7,3533,2.4,6.5,30.2,33.9,8.2,13.4,5.4,91.1,18.9,883,100,15.9,468,96.2,25.9,1568,95.1,21.6,614,64.3,10.9
1400000US42101012000,42101012000,"Census Tract 120, Philadelphia County, Pennsylvania",392,0,33.9,49,17.1,1079,0,3.9,22.7,15,10.6,19.5,28.4,96.1,47.8,290,93.8,50,203,95.6,35,335,100,63.9,251,94,34.3
1400000US42101012100,42101012100,"Census Tract 121, Philadelphia County, Pennsylvania",414,0,0,69.1,30.9,2219,6.3,4.7,28.4,18,8.9,19.5,14.3,89,33.8,330,100,54.2,320,88.8,51.6,841,95.5,34.2,728,76.8,16.1
1400000US42101012201,42101012201,"Census Tract 122.01, Philadelphia County, Pennsylvania",518,0,12.9,26.4,60.6,2487,3.3,10.9,18.4,17,8.6,23.3,18.6,85.8,41.9,887,100,66.5,154,89,50,630,92.7,37.6,816,64.3,16.8
1400000US42101012203,42101012203,"Census Tract 122.03, Philadelphia County, Pennsylvania",490,9.2,0,61,29.8,740,1.8,19.2,6.4,5.8,0,29.2,37.7,79.1,66.9,450,100,96.7,64,100,45.3,190,25.3,9.5,36,63.9,36.1
1400000US42101012204,42101012204,"Census Tract 122.04, Philadelphia County, Pennsylvania",201,0,54.2,30.8,14.9,3055,3.5,12.4,22,19.5,3.2,17.7,21.6,84,39.3,532,91.7,62.2,315,83.5,34.3,1072,93.2,43.7,1136,71.9,25.9
1400000US42101012500,42101012500,"Census Tract 125, Philadelphia County, Pennsylvania",755,0,3.7,44.8,51.5,2859,4,1.5,8,10.5,2.3,35.7,38,94.5,73.7,1219,100,87.9,298,100,84.2,544,100,84.9,798,80.5,40.4
1400000US42101013100,42101013100,"Census Tract 131, Philadelphia County, Pennsylvania",252,35.7,31.7,13.9,18.7,943,5.7,25.1,30.4,12.1,7.6,12.5,6.5,69.1,19,294,100,28.2,124,100,12.9,340,47.4,20,185,39.5,6.5
1400000US42101013200,42101013200,"Census Tract 132, Philadelphia County, Pennsylvania",150,26.7,25.3,42,6,1870,8.8,25,33.7,20,5.3,5.7,1.3,66.1,7.1,186,78,15.6,211,86.3,6.6,732,76.4,8.9,741,47.4,3.2
1400000US42101013300,42101013300,"Census Tract 133, Philadelphia County, Pennsylvania",565,10.8,37.3,28.5,23.4,1820,3.5,12.6,21.3,13.5,7.3,27.6,14.3,83.9,41.9,831,88.1,59.2,309,80.3,15.2,576,82.8,35.6,104,67.3,18.3
1400000US42101013401,42101013401,"Census Tract 134.01, Philadelphia County, Pennsylvania",167,0,0,21.6,78.4,1860,3.3,0.9,5.6,8,3.2,36.5,42.5,95.8,79,298,100,93,301,100,100,555,96.9,90.5,706,91.4,55.1
1400000US42101013402,42101013402,"Census Tract 134.02, Philadelphia County, Pennsylvania",248,10.1,0,8.9,81,2350,1.4,4.3,10.4,9.5,1.6,30,42.8,94.2,72.8,1175,97.7,87.2,351,100,79.8,602,90.4,55.8,222,77,31.1
1400000US42101013500,42101013500,"Census Tract 135, Philadelphia County, Pennsylvania",518,9.7,20.5,31.9,38,2287,4.1,7.4,32.8,12.9,6.1,19.2,17.6,88.5,36.8,599,94.3,64.6,433,95.6,42.5,800,90.5,31.6,455,70.5,4
1400000US42101013601,42101013601,"Census Tract 136.01, Philadelphia County, Pennsylvania",184,0,25.5,11.4,63,1932,0.9,2.7,8.5,7.6,1.4,26,52.9,96.4,78.9,783,100,96.6,369,96.7,90.5,546,98.4,65.4,234,79.1,33.3
1400000US42101013602,42101013602,"Census Tract 136.02, Philadelphia County, Pennsylvania",377,2.7,6.4,18,72.9,2682,1.8,4.2,13.4,11,5.8,29.6,34.1,94,63.7,914,96,78.1,825,98.1,59.6,698,95.7,64.8,245,67.8,20.8
1400000US42101013700,42101013700,"Census Tract 137, Philadelphia County, Pennsylvania",417,24.9,47.5,24,3.6,2782,4.6,16.3,42.9,17.9,3.1,8.6,6.6,79.1,15.2,633,93.5,22,743,86.3,22.7,854,78.1,10.7,552,54.3,4.3
1400000US42101013800,42101013800,"Census Tract 138, Philadelphia County, Pennsylvania",292,19.5,46.6,33.9,0,1246,5.9,19.7,46.6,12,8.6,6,1.2,74.4,7.2,144,60.4,17.4,93,95.7,18.3,663,76.8,5.6,346,69.9,3.2
1400000US42101013900,42101013900,"Census Tract 139, Philadelphia County, Pennsylvania",410,22.7,19.5,57.8,0,1900,11.4,23.7,35.6,15.6,5.4,7.7,0.6,64.9,8.4,550,94.4,17.8,330,72.7,0,551,56.8,10,469,34.5,1.3
1400000US42101014000,42101014000,"Census Tract 140, Philadelphia County, Pennsylvania",521,5.4,31.5,51.8,11.3,1591,7.5,11,49.5,13.4,3,13.8,1.8,81.5,15.6,512,87.5,17.4,303,80.5,14.5,493,90.1,23.3,283,56.5,0
1400000US42101014100,42101014100,"Census Tract 141, Philadelphia County, Pennsylvania",367,17.7,33.2,40.9,8.2,1481,12.8,25.7,31.5,17.2,2.4,6.6,3.9,61.6,10.5,307,62.5,11.1,355,68.2,15.8,477,60,7.3,342,56.1,9.1
1400000US42101014200,42101014200,"Census Tract 142, Philadelphia County, Pennsylvania",429,0,3.5,54.3,42.2,2241,0.4,5.4,19.6,18.3,3.2,34.2,18.9,94.2,53.1,1059,98.2,60.6,511,100,59.5,534,89,43.8,137,62,6.6
1400000US42101014300,42101014300,"Census Tract 143, Philadelphia County, Pennsylvania",78,24.4,62.8,6.4,6.4,1037,0.9,12.6,26.1,12.7,9.8,29,8.8,86.5,37.8,495,99.2,43.2,159,81.8,44,256,75,23.4,127,66.1,37.8
1400000US42101014400,42101014400,"Census Tract 144, Philadelphia County, Pennsylvania",216,52.8,15.7,28.2,3.2,1737,13.6,15.7,27.9,15.9,2.8,18.4,5.8,70.8,24.2,448,86.8,54.5,337,78,30.3,607,84.7,11,345,18.3,2
1400000US42101014500,42101014500,"Census Tract 145, Philadelphia County, Pennsylvania",511,12.7,36,45.6,5.7,826,16.8,29.1,36,13.3,2.4,2.4,0,54.1,2.4,141,76.6,7.8,120,83.3,7.5,345,49.9,0,220,30.5,0
1400000US42101014600,42101014600,"Census Tract 146, Philadelphia County, Pennsylvania",1058,9.8,18.8,70.6,0.8,1362,10,15.6,47.8,10,0.2,10.8,5.6,74.4,16.4,117,78.6,42.7,169,85.8,10.7,554,76.2,12.5,522,67.8,16.5
1400000US42101014700,42101014700,"Census Tract 147, Philadelphia County, Pennsylvania",1478,4.9,12.3,77.7,5.1,1091,5.7,27.6,44.6,8.1,4,6.9,3.1,66.7,10,260,63.8,13.8,265,82.6,20,459,59.9,4.4,107,63.6,0
1400000US42101014800,42101014800,"Census Tract 148, Philadelphia County, Pennsylvania",55,0,0,100,0,400,9.3,21.3,52,8.8,8.8,0,0,69.5,0,9,0,0,60,100,0,162,79.6,0,169,52.7,0
1400000US42101014900,42101014900,"Census Tract 149, Philadelphia County, Pennsylvania",356,23.9,53.9,16.9,5.3,2265,3.2,22.3,52.1,13.4,4.9,3.4,0.8,74.5,4.2,494,78.9,0,338,80.8,0,867,78.4,9.6,566,61,2.1
1400000US42101015101,42101015101,"Census Tract 151.01, Philadelphia County, Pennsylvania",242,24.8,32.6,24.8,17.8,1354,8.9,8.9,46.6,7.8,5.5,16.2,6.2,82.2,22.4,314,90.8,46.8,256,91.8,30.9,507,88.4,15.2,277,52.3,0
1400000US42101015102,42101015102,"Census Tract 151.02, Philadelphia County, Pennsylvania",468,40.6,38,21.4,0,2648,6.9,24.5,52.5,8.3,3.4,4.5,0,68.6,4.5,344,100,13.1,738,79.3,8.7,858,66.9,1,708,44.4,0
1400000US42101015200,42101015200,"Census Tract 152, Philadelphia County, Pennsylvania",1066,34.7,24.4,34.6,6.3,2951,6.5,28.9,45.1,12.6,5.3,1.7,0,64.6,1.7,640,73.4,0,801,79.7,2.9,1126,55.1,2.5,384,46.6,0
1400000US42101015300,42101015300,"Census Tract 153, Philadelphia County, Pennsylvania",1697,0.9,12,66.9,20.2,1621,2.5,29.4,36.6,6.9,5.9,14.4,4.4,68.2,18.8,449,69.9,33.4,239,100,31.4,679,72.5,4.3,254,23.6,19.7
1400000US42101015600,42101015600,"Census Tract 156, Philadelphia County, Pennsylvania",413,0,18.6,65.9,15.5,933,15.5,41.3,29.3,11.3,1.4,0,1.3,43.2,1.3,162,45.7,0,296,54.4,4.1,340,37.9,0,135,28.9,0
1400000US42101015700,42101015700,"Census Tract 157, Philadelphia County, Pennsylvania",581,47.8,48.5,2.6,1,1450,16.5,19.4,37,10,4.3,11.2,1.7,64.1,12.8,514,70.6,16.3,340,71.2,15,431,64,11.8,165,29.7,0
1400000US42101015800,42101015800,"Census Tract 158, Philadelphia County, Pennsylvania",342,8.8,0,68.1,23.1,4064,5.6,10.4,32.4,14.4,4.1,23.4,9.7,84,33.1,1296,97.7,62,576,97.9,34.2,1529,81,21.8,663,52,1.7
1400000US42101016000,42101016000,"Census Tract 160, Philadelphia County, Pennsylvania",450,4.4,52.4,40.2,2.9,4951,3.6,17.6,29.2,18.1,8.8,16.3,6.3,78.8,22.7,1526,96.4,34.4,1071,84.6,26.6,1713,71.9,18.2,641,45.4,0
1400000US42101016100,42101016100,"Census Tract 161, Philadelphia County, Pennsylvania",561,31.4,39.4,18.9,10.3,2979,9,20.2,36.2,15.4,4.5,8.3,6.4,70.8,14.7,887,90,33.5,574,88.5,6.1,1105,56.9,6.8,413,42.1,7.3
1400000US42101016200,42101016200,"Census Tract 162, Philadelphia County, Pennsylvania",306,34.6,42.8,13.7,8.8,1059,16.9,17.5,47.9,9.5,0,3.6,4.6,65.6,8.2,347,68.9,4.3,174,81.6,4.6,373,71.3,6.2,165,29.1,24.8
1400000US42101016300,42101016300,"Census Tract 163, Philadelphia County, Pennsylvania",619,23.6,61.1,15.3,0,1713,25.3,25.8,33.7,7.5,2.8,3.7,1.2,48.9,4.9,306,67.3,3.9,422,78,13.7,702,38.5,2,283,11.7,0
1400000US42101016400,42101016400,"Census Tract 164, Philadelphia County, Pennsylvania",533,38.1,33.6,21.4,6.9,2382,20.3,30.9,34.1,8.9,1.8,3,1,48.8,4,652,78.7,0,465,59.8,0,985,33.8,9.7,280,13.9,0
1400000US42101016500,42101016500,"Census Tract 165, Philadelphia County, Pennsylvania",159,18.2,56,25.8,0,1557,10.3,39.8,37.4,7.9,1.9,2.8,0,49.9,2.8,222,45,6.3,334,52.1,0,646,52.6,4.5,355,45.9,0
1400000US42101016600,42101016600,"Census Tract 166, Philadelphia County, Pennsylvania",102,12.7,45.1,42.2,0,693,1.4,24.4,47.2,18,0,6.1,2.9,74.2,8.9,79,100,12.7,131,85.5,24.4,443,68.4,2.3,40,50,25
1400000US42101016701,42101016701,"Census Tract 167.01, Philadelphia County, Pennsylvania",246,33.3,29.3,37.4,0,1791,0.8,21.7,46.6,24.6,5.4,0,0.9,77.5,0.9,490,81,0,116,100,0,860,80.1,1.9,325,57.2,0
1400000US42101016702,42101016702,"Census Tract 167.02, Philadelphia County, Pennsylvania",480,18.3,48.5,33.1,0,1593,3.5,33.5,51.3,7.7,0,4,0,63,4,235,77.4,0,384,65.1,8.1,706,67.4,4.7,268,35.8,0
1400000US42101016800,42101016800,"Census Tract 168, Philadelphia County, Pennsylvania",571,19.4,35.9,44.7,0,2619,2.9,22.1,49.6,12.8,2.3,8.2,2.1,74.9,10.3,442,78.3,0,697,73.7,7.9,1059,83.9,20.2,421,50.6,0
1400000US42101016901,42101016901,"Census Tract 169.01, Philadelphia County, Pennsylvania",382,16,39.8,41.4,2.9,2216,1.4,23.7,52.9,16,1.2,3.1,1.6,74.8,4.7,361,93.4,9.1,490,88.2,5.1,952,73.1,3.9,413,46.7,2.2
1400000US42101016902,42101016902,"Census Tract 169.02, Philadelphia County, Pennsylvania",427,23,63.5,13.6,0,3430,6.3,23.5,45.5,13.9,4.6,5.4,0.9,70.2,6.3,755,72.8,11.9,584,74.1,5.3,1314,77.2,6.1,777,52.9,1.8
1400000US42101017000,42101017000,"Census Tract 170, Philadelphia County, Pennsylvania",439,8.9,32.8,46.7,11.6,1727,4.7,26.9,33.5,20.6,6.3,5.9,2.1,68.4,8,493,76.7,14.4,163,79.8,22.7,728,74.6,2.9,343,37.9,2.6
1400000US42101017100,42101017100,"Census Tract 171, Philadelphia County, Pennsylvania",578,16.4,54.8,27.5,1.2,2952,5.7,26,41.3,20.2,0.9,4.2,1.6,68.3,5.9,391,76.7,16.4,742,93.8,6.3,1250,55.6,2.7,569,57.1,4.9
1400000US42101017201,42101017201,"Census Tract 172.01, Philadelphia County, Pennsylvania",324,43.5,45.4,8.3,2.8,2028,8,19.6,47.9,16,4,4.6,0,72.4,4.6,531,84.6,2.1,328,71.6,0,686,78.1,12,483,51.6,0
1400000US42101017202,42101017202,"Census Tract 172.02, Philadelphia County, Pennsylvania",332,18.1,61.4,20.5,0,2251,2.8,30.7,51.6,9.6,0,4.5,0.8,66.5,5.3,333,63.7,15.3,414,70.8,3.9,1027,76.9,5.1,477,42.3,0
1400000US42101017300,42101017300,"Census Tract 173, Philadelphia County, Pennsylvania",245,0,65.7,34.3,0,2154,5.3,19.7,46.8,16.4,6.6,4.3,0.9,75,5.2,330,94.5,15.2,347,76.7,7.8,909,76.6,1.7,568,60,3.3
1400000US42101017400,42101017400,"Census Tract 174, Philadelphia County, Pennsylvania",178,9.6,53.9,36.5,0,1234,8.8,28.8,43.6,7.5,2.7,8.6,0,62.4,8.6,250,68,13.2,285,84.2,6,423,75.4,13.2,276,14.9,0
1400000US42101017500,42101017500,"Census Tract 175, Philadelphia County, Pennsylvania",977,42.8,39.9,15,2.3,3934,20,18.9,39.8,13.4,3.8,2.9,1.2,61.1,4.1,988,74.6,13.7,858,67.1,3,1472,60.8,0,616,31.7,0
1400000US42101017601,42101017601,"Census Tract 176.01, Philadelphia County, Pennsylvania",620,37.7,52.6,9.7,0,2731,25.7,37.2,31.7,2.6,0.9,1.9,0,37.1,1.9,728,56.5,2.9,570,41.6,3.9,1043,24.5,0,390,28.2,2.3
1400000US42101017602,42101017602,"Census Tract 176.02, Philadelphia County, Pennsylvania",622,40.5,49.5,6.3,3.7,2535,21.2,24.1,28.3,16.9,0,8.5,0.9,54.7,9.5,367,70,13.1,649,59.3,7.7,1159,56.2,10.2,360,25.8,6.7
1400000US42101017701,42101017701,"Census Tract 177.01, Philadelphia County, Pennsylvania",462,59.5,26.2,14.3,0,1714,19,28.2,40.5,4.6,1.9,1.6,4.2,52.7,5.8,405,64.7,9.6,579,53.2,2.4,649,47.3,7.1,81,33.3,0
1400000US42101017702,42101017702,"Census Tract 177.02, Philadelphia County, Pennsylvania",658,30.7,48.5,15.2,5.6,2918,30.6,20.5,34.2,6.1,3.7,4.1,0.8,48.8,4.9,925,65.2,5.1,701,46.5,4.3,1022,37.6,4.2,270,41.5,8.1
1400000US42101017800,42101017800,"Census Tract 178, Philadelphia County, Pennsylvania",912,47.6,41.8,7.9,2.7,3609,20.9,25.7,40.4,7,2.1,1.9,2.1,53.4,4,1263,67.8,7.4,981,58.9,2.3,1054,36.9,1,311,33.1,4.8
1400000US42101017900,42101017900,"Census Tract 179, Philadelphia County, Pennsylvania",625,8.8,62.4,21.8,7,2938,11,24.8,37.9,13,4.4,7.2,1.6,64.2,8.8,727,59.7,15.1,738,76.6,14.1,1046,67.8,3.4,427,41.5,2.1
1400000US42101018001,42101018001,"Census Tract 180.01, Philadelphia County, Pennsylvania",138,36.2,14.5,34.8,14.5,1654,6.9,13.8,50.6,14.1,4,8.2,2.5,79.3,10.6,281,86.5,12.1,359,94.4,24.2,639,74,8.6,375,68.5,0
1400000US42101018002,42101018002,"Census Tract 180.02, Philadelphia County, Pennsylvania",427,3.5,46.6,37.5,12.4,3698,9.2,12.5,44.3,11.7,8.3,8.5,5.5,78.3,14,922,98.4,30.7,631,80.7,11.6,1392,76.8,11.6,753,54.4,0
1400000US42101018300,42101018300,"Census Tract 183, Philadelphia County, Pennsylvania",386,11.9,41.5,36,10.6,2945,3.9,16.9,43.3,15.5,6.7,11.2,2.4,79.2,13.7,529,87.1,8.1,730,89.3,22.9,1057,82.7,14.2,629,54.7,6.8
1400000US42101018400,42101018400,"Census Tract 184, Philadelphia County, Pennsylvania",194,18,48.5,17,16.5,1429,4.1,12.7,39.7,14.6,4,17.4,7.6,83.3,25,401,97,52.4,287,94.1,21.6,478,71.5,12.6,263,71.9,9.5
1400000US42101018800,42101018800,"Census Tract 188, Philadelphia County, Pennsylvania",846,32.5,47.8,17.1,2.6,4504,14.1,26.2,40.5,10.4,3.5,3.4,1.9,59.7,5.3,1205,60.1,6.1,1375,72.5,4.8,1619,52.7,4,305,36.7,11.8
1400000US42101019000,42101019000,"Census Tract 190, Philadelphia County, Pennsylvania",711,22.2,44.7,30.9,2.1,4811,20.9,18.9,42.8,10.3,3.7,3.4,0,60.2,3.4,1635,57.2,2.7,1385,70.8,5.6,1359,61.1,1.8,432,34.7,3.9
1400000US42101019100,42101019100,"Census Tract 191, Philadelphia County, Pennsylvania",692,21,28.2,48.1,2.7,4555,20,17.8,30.8,14.6,7.4,7.3,2.2,62.2,9.4,926,71,22.8,1255,59.3,0.7,1659,69.7,9.8,715,38.5,6.7
1400000US42101019200,42101019200,"Census Tract 192, Philadelphia County, Pennsylvania",803,67.2,29.5,3.2,0,4161,21.9,29.4,29.8,10.6,6.8,1.2,0.4,48.7,1.5,1185,53.4,0,1277,33.8,0,1430,57.2,4.5,269,53.2,0
1400000US42101019501,42101019501,"Census Tract 195.01, Philadelphia County, Pennsylvania",317,41.3,34.7,24,0,2705,24.2,27.6,33.1,11.6,0.9,2.6,0,48.2,2.6,532,53.9,0,700,60,0,1087,50.2,6.4,386,13.2,0
1400000US42101019502,42101019502,"Census Tract 195.02, Philadelphia County, Pennsylvania",682,35.6,52.1,12.3,0,1835,21.7,19.8,32.4,14.1,3.4,5.2,3.4,58.5,8.6,521,65.1,6.7,459,78.6,4.4,636,52.8,14,219,17.4,5.9
1400000US42101019700,42101019700,"Census Tract 197, Philadelphia County, Pennsylvania",904,30.4,50.7,18.9,0,3953,13.1,21,42.9,16,1.8,3.8,1.4,65.9,5.2,1071,79.9,5.3,976,54.1,1.3,1407,67,9.7,499,55.7,0
1400000US42101019800,42101019800,"Census Tract 198, Philadelphia County, Pennsylvania",685,36.4,37.4,26.3,0,3281,21.7,24.5,32.3,12.6,3.1,5.2,0.6,53.8,5.8,649,58.2,6.8,893,61.5,10.2,1320,49.7,4.2,419,43.2,0
1400000US42101019900,42101019900,"Census Tract 199, Philadelphia County, Pennsylvania",468,42.1,41.7,16.2,0,2576,18.3,27.6,37,10.7,3.8,1.6,1,54.1,2.6,388,60.1,0,759,61.7,4.5,1065,48.9,3,364,47.3,0
1400000US42101020000,42101020000,"Census Tract 200, Philadelphia County, Pennsylvania",139,21.6,51.1,10.8,16.5,810,6,14.3,47.7,17.5,3.8,7.8,2.8,79.6,10.6,205,100,35.1,101,78.2,0,377,79,3.7,127,49.6,0
1400000US42101020101,42101020101,"Census Tract 201.01, Philadelphia County, Pennsylvania",380,6.8,41.8,33.2,18.2,2474,10.8,25,36,20.5,6.5,0.6,0.6,64.2,1.2,521,87.5,0,413,70.9,3.6,970,66.9,0,570,33.3,2.5
1400000US42101020102,42101020102,"Census Tract 201.02, Philadelphia County, Pennsylvania",364,15.4,61.3,23.4,0,2125,3.6,22.2,43.3,18.2,5.4,5.3,2.1,74.2,7.3,376,72.6,12.8,284,91.2,4.2,1015,84.1,9.5,450,42.4,0
1400000US42101020200,42101020200,"Census Tract 202, Philadelphia County, Pennsylvania",795,15.3,50.1,34.6,0,3214,5.8,18.5,39.6,26.4,4.6,3.5,1.6,75.7,5.1,792,90.8,4.5,496,67.3,0,1295,84.5,8.1,631,45.2,3.6
1400000US42101020300,42101020300,"Census Tract 203, Philadelphia County, Pennsylvania",233,20.2,65.2,11.2,3.4,2034,6.6,23.8,49,12.8,3.2,4,0.5,69.5,4.5,350,93.7,15.7,407,84.8,2.9,881,61.7,1.1,396,49.7,3.5
1400000US42101020400,42101020400,"Census Tract 204, Philadelphia County, Pennsylvania",358,32.1,33,34.9,0,1857,6.4,15.2,43.9,21.4,3.7,6.8,2.6,78.4,9.4,386,89.4,18.1,386,76.9,10.9,831,82.3,7.5,254,51.2,0
1400000US42101020500,42101020500,"Census Tract 205, Philadelphia County, Pennsylvania",203,4.9,41.4,53.7,0,1848,8.7,20.9,36.8,24.6,4.5,1.8,2.7,70.4,4.5,389,100,8.5,298,76.8,0,652,79.1,4.1,509,32.8,4.5
1400000US42101020600,42101020600,"Census Tract 206, Philadelphia County, Pennsylvania",910,0,6.4,77.4,16.3,1164,4.2,7.8,8.6,12,1.1,31.4,34.8,88,66.2,261,100,91.6,166,78.3,58.4,446,95.1,67,291,71.8,46.7
1400000US42101020700,42101020700,"Census Tract 207, Philadelphia County, Pennsylvania",1671,1.9,32.5,44,21.6,3684,1.5,5.2,17,16.4,5.7,28,26.2,93.3,54.2,1536,97.2,72.7,814,97.9,48.3,945,91.5,44.9,389,72.8,16.5
1400000US42101020800,42101020800,"Census Tract 208, Philadelphia County, Pennsylvania",391,0,5.9,27.1,67,1394,1.7,9.3,12.5,11.3,6.2,32.6,26.3,89,59,434,100,83.6,285,79.3,45.6,343,95.3,56.9,332,76.2,40.4
1400000US42101020900,42101020900,"Census Tract 209, Philadelphia County, Pennsylvania",295,5.4,17.3,18.3,59,2197,10.9,10.1,28.9,8.8,5.3,22.3,13.6,79,36,782,84.4,55.2,482,83,40,719,75,17.5,214,64,18.2
1400000US42101021000,42101021000,"Census Tract 210, Philadelphia County, Pennsylvania",840,1.9,27.9,40.5,29.8,3035,2.4,7.6,30.1,12.5,6,22.3,19.1,90,41.4,1201,100,78.7,383,88,27.2,1041,89.7,17.1,410,62.9,7.1
1400000US42101021100,42101021100,"Census Tract 211, Philadelphia County, Pennsylvania",160,26.9,20,42.5,10.6,1955,3.9,6.1,29.3,19.9,8.6,22,10.1,89.9,32.1,509,96.9,52.7,316,92.7,37.3,827,94.4,22.1,303,63,19.5
1400000US42101021200,42101021200,"Census Tract 212, Philadelphia County, Pennsylvania",186,0,3.2,58.1,38.7,1598,1.1,13.6,28.9,18.8,2.8,21.8,13.1,85.4,34.9,640,87.8,45.2,236,78,25,560,89.5,35.2,162,72.2,7.4
1400000US42101021300,42101021300,"Census Tract 213, Philadelphia County, Pennsylvania",407,0,12.8,32.4,54.8,2064,5.8,9.2,26.6,18.7,8.9,16.2,14.6,85,30.9,594,98.1,65.7,441,87.3,29.7,724,82.5,14.1,305,62.3,4.6
1400000US42101021400,42101021400,"Census Tract 214, Philadelphia County, Pennsylvania",591,0,9,13,78,2036,2.3,8.4,31.2,9,4,26.8,18.3,89.3,45.1,898,100,75.5,362,96.7,33.7,588,81.3,17.9,188,49.5,7.4
1400000US42101021500,42101021500,"Census Tract 215, Philadelphia County, Pennsylvania",437,0,10.1,22.9,67,2398,1.2,15.5,24.3,9.8,3.2,30.2,15.9,83.3,46.1,811,91.4,74.7,446,100,48.4,761,83.2,31.7,380,46.6,11.1
1400000US42101021600,42101021600,"Census Tract 216, Philadelphia County, Pennsylvania",52,0,17.3,82.7,0,979,0,16.9,35.3,14.5,6.7,13.7,12.9,83.1,26.6,218,100,66.1,284,54.2,20.8,344,92.2,14,133,94,6.8
1400000US42101021700,42101021700,"Census Tract 217, Philadelphia County, Pennsylvania",410,6.3,19,41.7,32.9,4216,3.5,6.6,30.6,19,8.1,19.9,12.4,89.9,32.2,700,98.1,66,857,98.1,36.6,1794,91.1,24.4,865,72.5,16.9
1400000US42101021800,42101021800,"Census Tract 218, Philadelphia County, Pennsylvania",487,12.9,6.6,24,56.5,2765,1.7,4.9,15.3,19.8,4.3,25.2,28.7,93.3,53.9,956,100,78,462,100,70.6,914,89.8,38.4,433,79,15.7
1400000US42101021900,42101021900,"Census Tract 219, Philadelphia County, Pennsylvania",150,0,0,75.3,24.7,1126,2,4.4,24.5,18.8,13.3,13.1,23.9,93.6,36.9,286,100,71.3,82,100,8.5,492,100,34.6,266,72.9,13.2
1400000US42101022000,42101022000,"Census Tract 220, Philadelphia County, Pennsylvania",50,0,0,36,64,1121,1.8,2.1,19.7,12.8,3.5,19.5,40.6,96.2,60.1,101,100,61.4,159,100,63.5,419,97.4,63,442,92.8,55.9
1400000US42101023100,42101023100,"Census Tract 231, Philadelphia County, Pennsylvania",18,0,0,44.4,55.6,804,0,2,4,3.2,0,37.7,53.1,98,90.8,170,100,90,154,100,100,329,95.1,85.4,151,100,94
1400000US42101023500,42101023500,"Census Tract 235, Philadelphia County, Pennsylvania",25,0,0,56,44,816,0,1.7,13.5,25.2,1,23.2,35.4,98.3,58.6,158,100,42.4,132,100,71.2,404,100,66.8,122,88.5,38.5
1400000US42101023600,42101023600,"Census Tract 236, Philadelphia County, Pennsylvania",208,0,27.4,14.9,57.7,2317,2.2,7,19.2,9.8,2.6,17.5,41.6,90.8,59,323,100,55.4,405,100,79,859,96.7,72.5,730,74.5,33.7
1400000US42101023700,42101023700,"Census Tract 237, Philadelphia County, Pennsylvania",336,22,13.1,32.4,32.4,3195,1.8,16.1,16.7,12.2,1.7,24,27.5,82.1,51.5,636,93.4,85.8,618,95.6,58.4,1390,80.6,43.6,551,57.7,24.1
1400000US42101023800,42101023800,"Census Tract 238, Philadelphia County, Pennsylvania",429,3.7,39.4,32.4,24.5,3424,3.5,11,26.4,15.1,6.3,23.2,14.5,85.5,37.6,984,88.2,37.3,633,91.3,36.2,1134,84.9,41.5,673,76.8,33
1400000US42101023900,42101023900,"Census Tract 239, Philadelphia County, Pennsylvania",325,0,21.8,42.2,36,1162,4.9,8.4,20.1,28.1,4.3,18.5,15.7,86.7,34.2,98,100,78.6,271,83,20.3,441,84.4,44,352,88.6,20.2
1400000US42101024000,42101024000,"Census Tract 240, Philadelphia County, Pennsylvania",463,2.8,14.3,48.4,34.6,2505,1.1,15.9,17.6,20.1,11.7,14.1,19.6,83,33.7,645,91.5,36.1,547,80.3,21.2,946,82.8,38.3,367,72.8,36
1400000US42101024100,42101024100,"Census Tract 241, Philadelphia County, Pennsylvania",80,10,0,11.3,78.8,587,4.3,25.7,37.8,18.2,2.2,6.3,5.5,70,11.8,41,100,26.8,65,100,89.2,217,63.6,0,264,63.3,0
1400000US42101024200,42101024200,"Census Tract 242, Philadelphia County, Pennsylvania",461,26.9,46,24.7,2.4,2376,5.2,21.4,35.2,18.5,0.7,12.4,6.6,73.4,19,572,82.3,26,457,72.9,13.8,934,75.4,18.3,413,57.1,16.7
1400000US42101024300,42101024300,"Census Tract 243, Philadelphia County, Pennsylvania",410,23.4,46.1,28,2.4,2744,2.3,11.7,34.1,23.9,5.2,17.4,5.4,86,22.8,624,94.4,36.7,485,100,21.9,1277,79.8,15.5,358,74.3,25.7
1400000US42101024400,42101024400,"Census Tract 244, Philadelphia County, Pennsylvania",399,14.5,60.2,21.3,4,2295,5.2,14.5,47.5,12.2,9.2,7.2,4.2,80.3,11.4,473,100,18.6,259,82.2,0,1255,76.7,13.9,308,63.3,0
1400000US42101024500,42101024500,"Census Tract 245, Philadelphia County, Pennsylvania",335,0,35.8,59.1,5.1,2278,1.9,17.8,43.1,24.8,5.1,5.7,1.6,80.2,7.3,426,82.2,19.5,588,94.2,5.4,1012,77.6,2.9,252,55.2,8.7
1400000US42101024600,42101024600,"Census Tract 246, Philadelphia County, Pennsylvania",284,33.1,47.9,19,0,1377,3.4,17.6,36.2,20.5,10.2,9.2,2.8,79,12.1,398,96,12.3,149,71.1,0,605,76,19.3,225,62.2,0
1400000US42101024700,42101024700,"Census Tract 247, Philadelphia County, Pennsylvania",321,23.4,32.1,18.1,26.5,2816,6.6,16.6,31.1,18.7,6.1,9.2,11.6,76.7,20.8,556,85.6,11.3,422,91.5,14.7,1063,65.7,13.4,775,77.5,41.2
1400000US42101024800,42101024800,"Census Tract 248, Philadelphia County, Pennsylvania",216,11.6,52.3,36.1,0,1287,6.1,23.5,41.4,17.6,0.6,5,5.8,70.5,10.8,224,70.1,18.3,329,73.6,15.5,489,78.9,5.1,245,49.8,9
1400000US42101024900,42101024900,"Census Tract 249, Philadelphia County, Pennsylvania",434,24,37.1,38.9,0,1887,6.4,24,30.5,20,6.2,7.8,5.1,69.6,12.9,347,78.4,12.1,354,80.5,17.8,810,64.8,11.5,376,61.4,12
1400000US42101025200,42101025200,"Census Tract 252, Philadelphia County, Pennsylvania",491,4.9,27.1,64.6,3.5,5378,5.7,11.1,40.4,18.8,5.2,14.3,4.4,83.2,18.7,891,85.6,22,883,89.4,25.4,2150,92.4,15.8,1454,64.2,17
1400000US42101025300,42101025300,"Census Tract 253, Philadelphia County, Pennsylvania",308,21.1,38.6,26.3,14,2140,4,13.1,48.2,20,5.7,5.2,3.7,82.9,9,401,65.8,2.7,459,96.1,12.9,854,87.4,13.2,426,76.1,2.1
1400000US42101025400,42101025400,"Census Tract 254, Philadelphia County, Pennsylvania",370,26.5,34.9,35.7,3,2794,2.4,5.4,23.8,21.3,9.6,16,21.4,92.2,37.5,335,88.1,49.6,623,94.5,46.9,1050,93.6,30.2,786,90.1,34.6
1400000US42101025500,42101025500,"Census Tract 255, Philadelphia County, Pennsylvania",127,0,37.8,59.1,3.1,1771,0.6,6,23.4,12.6,7.9,21.2,28.2,93.3,49.4,233,100,66.5,503,94.8,38.8,480,95.6,65,555,87.2,38.4
1400000US42101025600,42101025600,"Census Tract 256, Philadelphia County, Pennsylvania",76,47.4,13.2,18.4,21.1,1911,1.3,3.3,13.1,8.3,4.8,34.6,34.6,95.4,69.2,301,100,88.4,464,100,77.8,817,95.8,66.1,329,83.6,47.4
1400000US42101025700,42101025700,"Census Tract 257, Philadelphia County, Pennsylvania",334,0,15.3,45.8,38.9,2400,2.7,2.5,11.9,13.2,6.4,30.8,32.6,94.8,63.3,819,100,70.6,313,100,67.4,905,96.7,69.9,363,73.8,27
1400000US42101025800,42101025800,"Census Tract 258, Philadelphia County, Pennsylvania",27,0,0,100,0,1298,0.5,5.3,38.5,22.6,9.9,16.5,6.7,94.1,23.2,58,100,100,351,100,33.6,452,94.5,9.5,437,88.3,18.8
1400000US42101025900,42101025900,"Census Tract 259, Philadelphia County, Pennsylvania",276,0,40.2,42,17.8,3034,3.2,7.1,42.1,23.1,9.3,10.6,4.7,89.7,15.3,478,96,51.9,944,91.6,5.3,1024,95.8,9.8,588,70.9,11.4
1400000US42101026000,42101026000,"Census Tract 260, Philadelphia County, Pennsylvania",222,9,31.1,26.1,33.8,2005,2,11.6,37.2,22.7,4.1,10.7,11.7,86.4,22.4,335,84.8,32.8,290,87.9,23.8,913,97.6,23.8,467,64.7,11.3
1400000US42101026100,42101026100,"Census Tract 261, Philadelphia County, Pennsylvania",237,12.2,18.6,64.1,5.1,2243,1.2,10.6,30.5,22.3,5.9,17.9,11.7,88.3,29.6,271,100,53.1,383,93.2,26.1,925,93.7,28.8,664,73,23.3
1400000US42101026200,42101026200,"Census Tract 262, Philadelphia County, Pennsylvania",304,16.4,11.5,60.9,11.2,3029,3.9,6.9,42.4,21.6,6,9.8,9.4,89.2,19.2,420,88.3,36.2,545,92.7,15.6,1365,94.2,20.2,699,77.3,9.9
1400000US42101026301,42101026301,"Census Tract 263.01, Philadelphia County, Pennsylvania",354,15,63,22,0,2867,1.4,9.4,43.4,26.4,8.2,8.2,3.1,89.2,11.3,664,91.3,10.4,430,87.7,11.6,1219,96.3,11.8,554,72.4,11
1400000US42101026302,42101026302,"Census Tract 263.02, Philadelphia County, Pennsylvania",451,20,32.8,23.9,23.3,3284,1.3,10.1,47,16.9,6.5,7.4,10.8,88.6,18.2,691,100,32.1,777,94.2,13.5,1102,88.9,17,714,71,11.6
1400000US42101026400,42101026400,"Census Tract 264, Philadelphia County, Pennsylvania",598,23.9,36.3,39.8,0,3741,2.3,10.3,44.1,21.8,7.3,8.6,5.6,87.4,14.2,608,95.2,15.5,550,100,28.2,1804,90.7,14.7,779,64.4,2.1
1400000US42101026500,42101026500,"Census Tract 265, Philadelphia County, Pennsylvania",445,17.5,39.6,40.2,2.7,2793,4.4,8.2,49.1,25.7,4.3,3.3,5,87.4,8.3,463,95.5,16.6,492,99.2,6.5,1089,94.9,11.2,749,63.7,0
1400000US42101026600,42101026600,"Census Tract 266, Philadelphia County, Pennsylvania",583,10.1,49.6,40.3,0,4551,4,8.9,54.6,14.3,4.9,8.3,4.9,87,13.2,751,100,10.5,1046,88.7,18.2,1749,84.8,13.4,1005,79.3,10
1400000US42101026700,42101026700,"Census Tract 267, Philadelphia County, Pennsylvania",604,27.5,43.4,25.5,3.6,4666,4,16.3,48.7,21,1.4,5.6,2.9,79.7,8.6,651,87.4,9.7,988,90.1,2.8,2024,79.9,12.6,1003,64,5.2
1400000US42101026800,42101026800,"Census Tract 268, Philadelphia County, Pennsylvania",372,23.9,62.6,13.4,0,3008,3.2,17.3,41.5,14.6,6.7,14,2.7,79.5,16.7,639,89,19.1,551,84.4,22.3,1203,73.1,14.4,615,77.6,13.8
1400000US42101026900,42101026900,"Census Tract 269, Philadelphia County, Pennsylvania",64,18.8,18.8,40.6,21.9,1630,9,8.1,36.9,18.7,2.5,16.7,8,82.9,24.8,276,100,48.2,283,96.1,22.6,605,84.1,17.2,466,63.1,22.1
1400000US42101027000,42101027000,"Census Tract 270, Philadelphia County, Pennsylvania",176,7.4,40.9,51.7,0,1701,2.1,9,34.9,25.8,10.1,10.8,7.4,88.9,18.2,309,100,13.6,460,94.3,18.7,625,92.2,22.4,307,62.9,13.4
1400000US42101027100,42101027100,"Census Tract 271, Philadelphia County, Pennsylvania",373,0,47.2,49.3,3.5,1511,9.3,9.7,37.2,20.2,9.8,11.3,2.5,80.9,13.8,228,100,27.6,377,81.7,11.4,645,80.2,11.5,261,65.1,10.7
1400000US42101027200,42101027200,"Census Tract 272, Philadelphia County, Pennsylvania",431,0,65.7,27.8,6.5,3121,3.7,7,37.7,23.1,8.4,10.9,9.2,89.4,20.1,677,95.6,29.5,779,93.1,17.2,1270,88.2,20.6,395,75.2,8.1
1400000US42101027300,42101027300,"Census Tract 273, Philadelphia County, Pennsylvania",821,24.7,40.2,31.1,4,3835,14.8,10.1,26.4,21.5,7.8,11.9,7.6,75.1,19.5,574,94.6,32.9,934,68.2,21.8,1745,76.6,17.2,582,62.4,9.1
1400000US42101027401,42101027401,"Census Tract 274.01, Philadelphia County, Pennsylvania",515,19.6,35.7,44.7,0,1957,14.1,13,46.8,14.2,5.5,3.1,3.5,73,6.6,343,86.3,0,475,77.1,3.6,904,73.6,9.1,235,43,12.8
1400000US42101027402,42101027402,"Census Tract 274.02, Philadelphia County, Pennsylvania",1093,20.6,41.5,31.2,6.7,4176,13.8,14.8,35,20.3,3.3,6.6,6.2,71.5,12.9,1186,85.4,11,952,72.9,9.7,1550,74.3,19.3,488,25.6,3.3
1400000US42101027500,42101027500,"Census Tract 275, Philadelphia County, Pennsylvania",523,14.9,40.5,44.6,0,2614,5.9,11.7,37.1,18.1,9.3,14,3.8,82.4,17.8,587,92.8,33.9,506,92.5,14.6,1153,86.1,13.7,368,40.2,9.5
1400000US42101027600,42101027600,"Census Tract 276, Philadelphia County, Pennsylvania",346,6.9,25.4,64.7,2.9,2513,0.4,17.3,38.2,21.6,5.4,12.1,5,82.3,17.1,684,91.1,16.8,460,86.1,20,990,83,17.1,379,60.2,14
1400000US42101027700,42101027700,"Census Tract 277, Philadelphia County, Pennsylvania",182,12.1,33,45.6,9.3,2969,4.1,24.8,38.9,20.2,2.8,5.7,3.5,71.1,9.2,480,81.7,16.5,407,95.1,6.1,1082,83.5,13.9,1000,42.8,1.8
1400000US42101027800,42101027800,"Census Tract 278, Philadelphia County, Pennsylvania",309,14.6,54.4,31.1,0,3221,7.8,11.4,42.8,19,4,12.8,2.1,80.8,15,793,94.1,16.9,340,87.6,51.8,1217,88.4,6.7,871,55.5,10.4
1400000US42101027901,42101027901,"Census Tract 279.01, Philadelphia County, Pennsylvania",413,37.5,27.8,30.5,4.1,2249,3.5,10.1,48.6,19.4,8.3,6.2,3.9,86.4,10,283,100,24.4,573,95.6,8.2,883,83.1,10.2,510,74.1,3.9
1400000US42101027902,42101027902,"Census Tract 279.02, Philadelphia County, Pennsylvania",3147,0.6,16.9,78.6,4,1413,2.6,14,35.5,29.3,8.9,7.3,2.3,83.4,9.6,159,100,40.9,307,91.2,4.9,634,80.8,5.2,313,72.5,7.3
1400000US42101028000,42101028000,"Census Tract 280, Philadelphia County, Pennsylvania",457,16.2,44.6,29.8,9.4,3014,3.5,14,54.3,22.3,4.4,1.5,0,82.5,1.5,446,87.4,0,686,85.9,0,1150,84.5,3.9,732,73.4,0
1400000US42101028100,42101028100,"Census Tract 281, Philadelphia County, Pennsylvania",400,29,19.8,51.3,0,2364,4,16.4,42.8,27,3.5,2.9,3.4,79.6,6.3,443,96.4,8.6,438,90.6,2.3,1088,80.2,8.1,395,46.6,3.3
1400000US42101028200,42101028200,"Census Tract 282, Philadelphia County, Pennsylvania",894,16.4,32.3,43.3,7.9,3067,3.2,10.5,45.1,17.8,10.3,10.2,2.9,86.3,13.1,749,97.6,23.9,434,84.1,5.3,1136,84.2,7.7,748,79.5,15
1400000US42101028300,42101028300,"Census Tract 283, Philadelphia County, Pennsylvania",848,31,35,30.7,3.3,3900,7.8,16,41.9,20.5,6,4.6,3.2,76.2,7.8,838,92.7,7,1148,75.6,8,1465,78.3,9.1,449,40.1,4.2
1400000US42101028400,42101028400,"Census Tract 284, Philadelphia County, Pennsylvania",703,19.8,56.5,23.8,0,2106,7.8,24.3,36.5,17.6,4.7,4,5.1,67.9,9.2,480,53.8,5.8,476,75.2,13.4,876,74.1,10.5,274,60.2,3.3
1400000US42101028500,42101028500,"Census Tract 285, Philadelphia County, Pennsylvania",463,21.6,47.1,14.7,16.6,1487,7.2,30,30.3,20.6,2.9,8.1,0.9,62.8,9,366,56.6,7.4,267,79.8,15.7,687,64.6,7.3,167,41.9,9
1400000US42101028600,42101028600,"Census Tract 286, Philadelphia County, Pennsylvania",992,24.3,31.6,36.7,7.5,3634,11.7,15.6,44.8,16.4,3.8,4.3,3.4,72.8,7.7,1028,79.3,8.9,953,81.3,8,1222,69.4,4.7,431,47.8,12.8
1400000US42101028700,42101028700,"Census Tract 287, Philadelphia County, Pennsylvania",388,21.1,49.2,26,3.6,1321,12.8,22.2,44.1,8,4.9,4,4,65,8,437,75.7,5.5,294,58.8,5.8,496,59.5,13.1,94,63.8,0
1400000US42101028800,42101028800,"Census Tract 288, Philadelphia County, Pennsylvania",711,14.9,52.7,30.4,2,2291,15.5,17.2,47.7,11.7,2.8,3.2,1.9,67.3,5.1,655,71,3.2,628,76.9,2.7,719,67.2,10,289,38.1,2.4
1400000US42101028901,42101028901,"Census Tract 289.01, Philadelphia County, Pennsylvania",359,64.9,10.9,20.9,3.3,2174,15,20.6,32.8,22.2,3.2,5.5,0.7,64.4,6.2,741,67.3,10,429,79.5,8.6,846,53.8,2.8,158,66.5,0
1400000US42101028902,42101028902,"Census Tract 289.02, Philadelphia County, Pennsylvania",889,26.2,29.7,44.1,0,3489,18.6,19.7,33.8,15.8,5.5,6,0.5,61.7,6.5,1286,67,9.1,903,63.7,10.6,989,57.6,0,311,46.9,4.5
1400000US42101029000,42101029000,"Census Tract 290, Philadelphia County, Pennsylvania",552,31.3,37.3,31.3,0,3631,13.5,21,33.2,17.5,5.1,6.9,2.8,65.5,9.7,866,50.6,9.1,904,70.9,19.8,1198,74,4.4,663,62.4,6
1400000US42101029100,42101029100,"Census Tract 291, Philadelphia County, Pennsylvania",528,16.3,38.3,29.9,15.5,2477,13.2,16.8,42,13.1,4.1,9.8,1,70,10.8,366,77,22.7,643,79,7.9,1119,68.6,10.1,349,50.1,6
1400000US42101029200,42101029200,"Census Tract 292, Philadelphia County, Pennsylvania",380,25.8,32.4,41.8,0,2271,10.9,7.9,28.1,21.9,5.5,14.8,10.8,81.2,25.7,658,84,31.3,435,74.5,34,1003,83.5,21.9,175,74.3,5.1
1400000US42101029300,42101029300,"Census Tract 293, Philadelphia County, Pennsylvania",329,33.4,55.6,10.9,0,1554,10.5,17.4,41.2,16.5,4.9,9.5,0,72.1,9.5,411,89.5,12.9,391,76.5,13.8,595,65.5,3.2,157,40.8,14
1400000US42101029400,42101029400,"Census Tract 294, Philadelphia County, Pennsylvania",366,25.4,27.6,41.8,5.2,1983,17.9,22.4,42.8,10.6,4.9,0.6,0.9,59.8,1.5,406,75.9,4.4,320,54.4,0,1000,54.4,1.1,257,61.9,0
1400000US42101029800,42101029800,"Census Tract 298, Philadelphia County, Pennsylvania",361,23.5,26.9,44.9,4.7,2828,5.6,17.8,43.8,15,7.6,8.5,1.7,76.6,10.2,935,93.7,14.1,678,78.8,11.8,865,63.1,8.1,350,60,1.7
1400000US42101029900,42101029900,"Census Tract 299, Philadelphia County, Pennsylvania",399,34.8,38.1,10.3,16.8,2392,8.6,18.7,39.2,13.7,2.8,13,4,72.7,17.1,680,82.5,14,512,84.4,21.5,851,65,14.2,349,55.6,23.5
1400000US42101030000,42101030000,"Census Tract 300, Philadelphia County, Pennsylvania",1018,50.4,36.1,13.5,0,4141,5.3,24.6,41.1,18.6,1.7,5.5,3.2,70.1,8.7,1089,83,10.9,1037,64.3,3.6,1409,73.2,11.9,606,49.5,5.8
1400000US42101030100,42101030100,"Census Tract 301, Philadelphia County, Pennsylvania",640,17.7,43.8,38.6,0,3482,6.5,14,41,22.4,2.4,6.3,7.5,79.6,13.8,636,91.7,29.7,799,79.5,7.9,1480,81.8,13,567,60.3,6.2
1400000US42101030200,42101030200,"Census Tract 302, Philadelphia County, Pennsylvania",911,22.5,28.4,36.2,12.8,4881,8.7,19.5,40.8,18.1,5.1,6.1,1.6,71.7,7.7,1189,81.3,5.8,1303,75.7,14.4,1858,70.1,5.7,531,46.3,2.6
1400000US42101030501,42101030501,"Census Tract 305.01, Philadelphia County, Pennsylvania",796,0,53,37.2,9.8,2604,5,14.5,41.2,11.2,7.8,17.2,3.1,80.5,20.4,496,100,14.3,546,86.3,20,1223,79.6,26.2,339,46,8.8
1400000US42101030502,42101030502,"Census Tract 305.02, Philadelphia County, Pennsylvania",831,11.3,17.6,68.7,2.4,3782,7.6,8.6,38.9,14.3,11.3,13.5,5.8,83.9,19.3,901,90.8,33.7,1152,86.1,15.1,1333,87.5,18.9,396,49.5,0
1400000US42101030600,42101030600,"Census Tract 306, Philadelphia County, Pennsylvania",563,1.4,64.3,31.8,2.5,4830,9.6,15.3,35.8,17.7,5.2,11.9,4.4,75.1,16.3,1049,90.2,19.8,836,79.9,21.2,1334,84.9,19.2,1611,54.6,9.2
1400000US42101030700,42101030700,"Census Tract 307, Philadelphia County, Pennsylvania",366,7.4,37.7,52.2,2.7,2158,7.2,15.8,39,22.1,8.4,4.9,2.6,77,7.5,517,77.8,12.4,467,86.1,6.9,672,80.7,6.3,502,62.9,4.8
1400000US42101030800,42101030800,"Census Tract 308, Philadelphia County, Pennsylvania",420,10.2,41.2,40.7,7.9,3332,4.3,8.9,41.4,15.2,6.8,13.9,9.4,86.8,23.3,662,96.7,37.6,882,89.2,24.6,1264,89.6,19.9,524,63.4,11.5
1400000US42101030900,42101030900,"Census Tract 309, Philadelphia County, Pennsylvania",330,14.8,47.9,34.8,2.4,2467,7.1,8.6,39.9,19.7,6.4,10.6,7.7,84.3,18.4,740,84.9,19.2,575,92,25.4,878,80.8,10.9,274,77.7,25.2
1400000US42101031000,42101031000,"Census Tract 310, Philadelphia County, Pennsylvania",592,14.7,53.4,31.9,0,4272,5.4,7.6,50.8,16.9,5.7,9.2,4.4,87,13.6,964,98.8,14.5,1081,87.4,5.3,1651,87.2,16,576,66,20.8
1400000US42101031101,42101031101,"Census Tract 311.01, Philadelphia County, Pennsylvania",418,31.6,21.3,31.6,15.6,2598,13.6,10,31.6,17.7,16,5.3,5.8,76.4,11.1,722,71.6,9.8,622,72.5,1.4,979,84.8,14.2,275,67.6,25.5
1400000US42101031102,42101031102,"Census Tract 311.02, Philadelphia County, Pennsylvania",450,15.1,26.4,58.4,0,2515,6.8,16.7,33.6,21.4,6.4,8.2,7.1,76.6,15.3,564,85.8,25.5,803,67.4,8.3,805,83.4,19.5,343,67.1,5
1400000US42101031200,42101031200,"Census Tract 312, Philadelphia County, Pennsylvania",558,17.7,18.5,63.8,0,2979,7.5,19.8,37.6,20.4,5.4,7.5,1.7,72.7,9.2,679,80,6.2,753,80.6,7.4,1134,68.8,13.8,413,56.9,4.4
1400000US42101031300,42101031300,"Census Tract 313, Philadelphia County, Pennsylvania",891,16.3,27.4,45.7,10.7,4994,10.2,16,37.9,16.2,8.6,8.2,2.9,73.8,11.1,1298,81.7,21.6,1013,87.4,3.7,1929,68.9,8.9,754,54.8,8.9
1400000US42101031401,42101031401,"Census Tract 314.01, Philadelphia County, Pennsylvania",1090,18.9,43.7,27.2,10.3,3813,17.2,9.3,38.3,13.1,5.1,11.8,5.1,73.5,16.9,1083,90.3,21.8,997,67.8,11.8,1291,69.9,20.8,442,55.4,5.2
1400000US42101031402,42101031402,"Census Tract 314.02, Philadelphia County, Pennsylvania",476,13.4,32.1,35.1,19.3,3517,15,14,35.6,15.8,8.5,6.2,4.9,70.9,11.1,942,71.2,5.7,746,78.3,6.2,1293,72.8,17.5,536,55.8,11.8
1400000US42101031501,42101031501,"Census Tract 315.01, Philadelphia County, Pennsylvania",605,0,69.1,24.8,6.1,3977,3.5,9.3,39.4,18.7,7.9,15.3,5.9,87.2,21.2,1044,93.6,31.3,875,80,7.7,1426,92.8,26.1,632,73.9,12.3
1400000US42101031502,42101031502,"Census Tract 315.02, Philadelphia County, Pennsylvania",223,0,53.8,37.7,8.5,2792,2.9,12,38.3,20.5,4.6,19.2,2.4,85,21.6,876,89.5,22.1,729,89.4,32.1,658,87.4,18.7,529,68.6,9.8
1400000US42101031600,42101031600,"Census Tract 316, Philadelphia County, Pennsylvania",652,7.1,52.3,38,2.6,3872,5.8,14,40.9,12.8,5.5,14.1,6.8,80.2,20.9,1047,70.8,30.9,605,92.9,22.6,1446,85.8,19,774,72.5,9.8
1400000US42101031700,42101031700,"Census Tract 317, Philadelphia County, Pennsylvania",536,0,33.8,59.7,6.5,4055,3.9,19.2,44.6,19.2,3.4,5.8,4,76.9,9.8,1224,89.6,14.7,726,79.5,15.3,1412,77.1,6.6,693,51.4,2
1400000US42101031800,42101031800,"Census Tract 318, Philadelphia County, Pennsylvania",604,6.5,36.9,38.4,18.2,2188,11.5,8.8,45.8,18.8,4.6,6.7,3.8,79.8,10.5,377,100,20.2,550,81.1,10.9,784,80.1,12,477,61.6,0
1400000US42101031900,42101031900,"Census Tract 319, Philadelphia County, Pennsylvania",461,16.9,65.9,5.6,11.5,2995,6.4,17.7,49.1,11.2,4.4,8.6,2.6,75.9,11.2,1014,66.3,9,510,91,8.2,1130,81.3,14.5,341,64.2,11.1
1400000US42101032000,42101032000,"Census Tract 320, Philadelphia County, Pennsylvania",440,32,37.7,21.6,8.6,4694,6.5,20,47.1,11.9,4.7,7.1,2.8,73.6,9.9,1300,86.9,9.8,1014,66.8,9.5,1561,74.3,14.8,819,59.5,1.2
1400000US42101032100,42101032100,"Census Tract 321, Philadelphia County, Pennsylvania",634,12.6,54.6,27.9,4.9,2505,4.4,20.4,48.7,13.9,8.7,3.2,0.9,75.3,4,452,100,0,506,76.3,0,1226,69.6,8.2,321,60.7,0
1400000US42101032300,42101032300,"Census Tract 323, Philadelphia County, Pennsylvania",388,26.3,40.5,33.2,0,1847,4.4,15.3,52.7,16.9,6.1,3.1,1.4,80.3,4.5,449,92,12.9,554,78.5,0,607,79.7,4.3,237,63.7,0
1400000US42101032500,42101032500,"Census Tract 325, Philadelphia County, Pennsylvania",393,31.6,48.3,18.1,2,3378,4.9,16,43.6,17,9.1,7,2.5,79.1,9.4,628,89.5,16.1,783,88.5,11.9,1404,75.8,8.9,563,62.9,0
1400000US42101032600,42101032600,"Census Tract 326, Philadelphia County, Pennsylvania",834,32.6,52.3,12.9,2.2,4352,2.6,22.9,48.2,13,4,7.1,2.2,74.5,9.2,1331,80.1,15.5,837,88.3,13.3,1503,71.1,4.7,681,54.2,2.2
1400000US42101032900,42101032900,"Census Tract 329, Philadelphia County, Pennsylvania",347,12.1,30.5,44.7,12.7,2725,4,18.6,40.4,17.5,9.2,6.2,4,77.4,10.2,689,85.5,9.9,546,78.2,14.7,976,81.9,12.4,514,57.2,1.8
1400000US42101033000,42101033000,"Census Tract 330, Philadelphia County, Pennsylvania",901,8.8,54.7,33.6,2.9,4626,1.6,20.5,53.3,16.4,2.5,4,1.8,78,5.8,877,81.3,14.4,1186,80.2,1.3,1948,83,5.7,615,53,2.3
1400000US42101033101,42101033101,"Census Tract 331.01, Philadelphia County, Pennsylvania",450,14.4,32.2,44.9,8.4,3114,0.9,8.7,43.4,20.8,4.3,18,3.9,90.4,21.9,865,94.6,24.6,814,96.7,30.8,900,93.8,23.2,535,68.6,1.9
1400000US42101033102,42101033102,"Census Tract 331.02, Philadelphia County, Pennsylvania",410,0,38.8,54.6,6.6,3330,4.3,7.6,41.3,19.3,0.8,13.5,13.2,88.1,26.7,656,94.4,26.7,483,95.4,13.5,1053,90.9,21.7,1138,78.9,37.1
1400000US42101033200,42101033200,"Census Tract 332, Philadelphia County, Pennsylvania",359,13.1,14.5,47.1,25.3,1864,1.2,6.8,44.5,15.6,6,20.2,5.6,92,25.9,363,100,44.1,439,93.6,10.7,642,99.7,31,420,71.4,18.1
1400000US42101033300,42101033300,"Census Tract 333, Philadelphia County, Pennsylvania",323,4,58.2,18.6,19.2,3282,7.4,12.8,43.2,11.5,5.1,11.6,8.5,79.9,20,307,97.4,26.7,369,96.2,48,903,90.8,22.4,1703,67.4,11.6
1400000US42101033400,42101033400,"Census Tract 334, Philadelphia County, Pennsylvania",253,15.4,29.2,44.3,11.1,3395,2.9,11.7,43.9,12.4,6.2,17.9,5,85.4,22.9,591,96.3,40.3,550,83.6,18.7,1261,84.6,26.3,993,80.9,10.4
1400000US42101033500,42101033500,"Census Tract 335, Philadelphia County, Pennsylvania",223,21.5,30.9,47.5,0,2427,8.3,9,39.6,17.4,6.9,14.8,4,82.7,18.8,475,82.9,15.8,615,93.5,28.9,759,90.9,17.7,578,60.2,11.9
1400000US42101033600,42101033600,"Census Tract 336, Philadelphia County, Pennsylvania",630,0,53,34.1,12.9,4549,4.4,8,34.8,24,9.1,13.4,6.3,87.6,19.7,1472,95.2,31.6,770,91,12.2,1385,93.6,18.6,922,63.7,8.7
1400000US42101033701,42101033701,"Census Tract 337.01, Philadelphia County, Pennsylvania",160,0,27.5,53.1,19.4,3876,7.1,12.7,42,13.2,3.2,13.3,8.4,80.2,21.7,436,85.1,25.9,762,77.7,6.3,1271,83.4,28.2,1407,77.1,23
1400000US42101033702,42101033702,"Census Tract 337.02, Philadelphia County, Pennsylvania",582,13.4,37.3,22.9,26.5,3917,4.9,10,37.3,14.4,5.6,16.8,11.1,85.2,27.8,1010,92.3,43.8,777,96.9,28.3,1436,85.1,25.2,694,61.8,9.5
1400000US42101033800,42101033800,"Census Tract 338, Philadelphia County, Pennsylvania",662,14.8,34.1,39.4,11.6,3986,4.4,10.3,42,15.3,5.8,13.5,8.6,85.3,22.2,809,100,26.9,535,91.4,18.7,1554,86.6,31.9,1088,69.5,6.5
1400000US42101033900,42101033900,"Census Tract 339, Philadelphia County, Pennsylvania",174,12.1,28.2,24.1,35.6,2039,3.6,3.3,40.9,18,6.2,19.4,8.5,93,27.9,528,100,46.8,386,91.2,15.3,817,94.7,27.3,308,78.9,13
1400000US42101034000,42101034000,"Census Tract 340, Philadelphia County, Pennsylvania",300,14,29.7,53.3,3,2132,5.1,8.3,40.2,13.4,9.1,16.2,7.7,86.6,23.9,424,95,29.5,280,78.9,31.4,836,92.1,23.6,592,76.5,16.9
1400000US42101034100,42101034100,"Census Tract 341, Philadelphia County, Pennsylvania",536,9,9.7,47.2,34.1,4261,2,9,33.5,26,7.9,14.6,7,89,21.6,895,100,20.9,895,98.3,24.1,1447,87.7,23.8,1024,73,16.9
1400000US42101034200,42101034200,"Census Tract 342, Philadelphia County, Pennsylvania",135,0,10.4,69.6,20,2485,1,7,36.2,18.8,5.5,19.4,12.1,92,31.5,350,96.6,45.7,342,90.9,34.8,877,100,43.8,916,82.9,13
1400000US42101034400,42101034400,"Census Tract 344, Philadelphia County, Pennsylvania",842,5.6,15.2,65.3,13.9,5642,3.8,8.2,33.1,17.5,7.3,17,13.2,88,30.2,700,93.7,44.7,847,100,25.5,2491,94,33.6,1604,69.9,20.9
1400000US42101034501,42101034501,"Census Tract 345.01, Philadelphia County, Pennsylvania",172,0,29.1,46.5,24.4,2580,6.8,18.4,34.7,15,8.7,12.9,3.4,74.8,16.3,449,89.8,21.6,235,93.2,26.4,594,73.6,28.5,1302,66.8,7.1
1400000US42101034502,42101034502,"Census Tract 345.02, Philadelphia County, Pennsylvania",604,8.8,39.9,45.7,5.6,3589,2.7,12.1,31.6,23,8.4,14.2,8.1,85.2,22.2,844,100,12.6,695,67.2,12.7,1429,92.3,32.8,621,69.1,21.9
1400000US42101034600,42101034600,"Census Tract 346, Philadelphia County, Pennsylvania",192,4.2,21.9,32.3,41.7,1530,1.6,11.8,42.5,9.5,5.9,18.8,9.9,86.6,28.7,519,88.1,34.1,216,97.2,38.9,303,75.9,23.4,492,87,21.7
1400000US42101034701,42101034701,"Census Tract 347.01, Philadelphia County, Pennsylvania",507,0,50.3,29.2,20.5,4612,1.2,9.6,43.9,15.5,12.6,13.1,4.2,89.3,17.3,838,91.9,34.2,1033,89.8,19.8,1639,89.6,13.7,1102,86.3,7.2
1400000US42101034702,42101034702,"Census Tract 347.02, Philadelphia County, Pennsylvania",318,6.9,21.1,38.4,33.6,3300,3.5,9.4,39.1,13.9,5.8,17.9,10.4,87.1,28.3,632,95.3,57.3,470,96.8,40.6,1147,90,21.1,1051,74.8,13.3
1400000US42101034801,42101034801,"Census Tract 348.01, Philadelphia County, Pennsylvania",343,14,18.1,58.9,9,3072,2.2,16.5,43.3,16,8.3,11,2.7,81.3,13.7,631,81.9,15.4,409,85.3,8.1,1170,93.9,19.8,862,61.7,6.7
1400000US42101034802,42101034802,"Census Tract 348.02, Philadelphia County, Pennsylvania",744,28,25.4,40.1,6.6,3700,2.7,10.6,39.5,21.9,7.6,10.7,6.9,86.7,17.6,862,92.7,25.1,809,93.2,11.6,1369,91.3,19.7,660,61.5,11.1
1400000US42101034803,42101034803,"Census Tract 348.03, Philadelphia County, Pennsylvania",332,17.8,33.1,25.6,23.5,3305,2.2,7.5,48.8,14.2,7.5,13.4,6.4,90.3,19.9,712,98.5,29.4,545,86.8,22,1216,93.8,20.5,832,80.6,9.5
1400000US42101034900,42101034900,"Census Tract 349, Philadelphia County, Pennsylvania",783,9.5,38.3,47.9,4.3,3900,5.3,19,42.4,18.9,5.5,6.6,2.3,75.7,8.8,866,93.9,24.8,883,83.2,2.7,1423,68.7,7.4,728,58.8,0
1400000US42101035100,42101035100,"Census Tract 351, Philadelphia County, Pennsylvania",158,5.1,16.5,56.3,22.2,3142,2.9,6,44.2,17.4,5.7,15.1,8.7,91,23.7,397,100,58.2,255,100,45.1,906,96.8,25.2,1584,84,10.9
1400000US42101035200,42101035200,"Census Tract 352, Philadelphia County, Pennsylvania",510,10.4,32.2,33.7,23.7,3249,3,5.6,43.6,18.4,7,17.4,5,91.4,22.5,609,93.1,35.6,450,95.6,31.1,1513,92.5,19,677,84.6,12.6
1400000US42101035301,42101035301,"Census Tract 353.01, Philadelphia County, Pennsylvania",635,8,43.6,36.5,11.8,3718,0.6,8.6,51.3,17.7,7.2,10,4.5,90.7,14.5,885,87.8,32.5,803,96.9,13,1261,95.6,8,769,79.8,6
1400000US42101035302,42101035302,"Census Tract 353.02, Philadelphia County, Pennsylvania",296,4.1,53.7,37.8,4.4,3311,2.7,11.1,51.8,18.6,3.7,8.3,3.7,86.2,12.1,907,100,16.8,553,96.4,10.5,1037,86.3,11.9,814,63.6,8.1
1400000US42101035500,42101035500,"Census Tract 355, Philadelphia County, Pennsylvania",612,11.6,33.3,46.9,8.2,5505,5.3,8.7,40.9,12.7,9,15,8.4,86,23.4,852,98.2,31.8,847,96.7,27.5,2298,84.8,20,1508,75,21.4
1400000US42101035601,42101035601,"Census Tract 356.01, Philadelphia County, Pennsylvania",482,4.8,11.6,60,23.7,3929,6.3,10.3,32.4,21.2,4,18.9,7,83.4,25.9,467,93.4,52,411,94.9,16.5,1532,85.8,30.1,1519,74.9,16.1
1400000US42101035602,42101035602,"Census Tract 356.02, Philadelphia County, Pennsylvania",570,35.3,15.8,36.1,12.8,2527,9.9,6.1,24.8,12,8.2,21.9,17.2,84.1,39.1,348,92.8,62.6,487,86.7,46,1218,87,37.4,474,67.3,19.4
1400000US42101035701,42101035701,"Census Tract 357.01, Philadelphia County, Pennsylvania",415,0,21.9,66.5,11.6,3402,4.2,8.9,39.7,19.5,5.8,13.9,7.9,86.9,21.8,819,100,19.7,552,93.8,30.1,1396,88,19.6,635,61.6,22.4
1400000US42101035702,42101035702,"Census Tract 357.02, Philadelphia County, Pennsylvania",200,18,67,15,0,2822,4.8,9.2,33.1,11.1,5,28.5,8.3,86,36.8,646,94.7,34.7,546,97.6,43,1231,79.8,32.4,399,75.4,45.1
1400000US42101035800,42101035800,"Census Tract 358, Philadelphia County, Pennsylvania",520,12.5,16.3,54,17.1,4541,3.5,6.7,29.7,18.9,9.2,20.3,11.6,89.8,31.9,936,96.8,47.9,602,100,34.1,2050,88,28.9,953,80.1,21.4
1400000US42101035900,42101035900,"Census Tract 359, Philadelphia County, Pennsylvania",400,0,15,57.8,27.3,3995,2.7,9.3,37,18.2,6.3,17,9.5,88.1,26.5,672,98.1,49.6,699,98.1,26,1426,88.2,23.8,1198,76.4,17
1400000US42101036000,42101036000,"Census Tract 360, Philadelphia County, Pennsylvania",258,6.6,33.3,51.6,8.5,2646,14.3,14.6,34.1,12.3,7.2,11.5,6.1,71.1,17.6,347,95.7,44.1,197,98,18.8,692,92.2,25,1410,51,7.2
1400000US42101036100,42101036100,"Census Tract 361, Philadelphia County, Pennsylvania",422,4,47.4,43.6,5,2693,1.9,6.3,45.9,21.9,8.9,12.5,2.6,91.8,15.1,654,98,20.2,690,96.5,23.5,870,91.3,12.2,479,77.7,1.3
1400000US42101036201,42101036201,"Census Tract 362.01, Philadelphia County, Pennsylvania",325,8.9,12.9,78.2,0,3569,1.5,15,38.9,25.4,5.5,9.6,4.2,83.6,13.8,875,100,27.1,476,92.9,21,1295,89,12,923,55.6,0
1400000US42101036202,42101036202,"Census Tract 362.02, Philadelphia County, Pennsylvania",716,1.7,41.6,37.3,19.4,4324,3.4,8,45.8,17.6,8.1,14.9,2.2,88.6,17.1,791,96.8,45,962,96.7,16.5,1662,91,12,909,68.4,2.6
1400000US42101036203,42101036203,"Census Tract 362.03, Philadelphia County, Pennsylvania",311,9,25.4,37.9,27.7,3197,2.1,11.5,46.2,16.3,5.9,12.2,5.8,86.4,18,743,90.6,25.6,478,92.7,24.9,1145,91.3,18.1,831,72.4,7.1
1400000US42101036301,42101036301,"Census Tract 363.01, Philadelphia County, Pennsylvania",427,15.5,30.2,44,10.3,2604,2.6,10.1,47.1,19,5.6,11.1,4.5,87.3,15.6,644,97.8,25.2,480,90.4,23.5,969,86.9,12.6,511,72,2
1400000US42101036302,42101036302,"Census Tract 363.02, Philadelphia County, Pennsylvania",397,6,24.4,50.4,19.1,2192,1.6,7.8,48.9,24.9,2.7,10,4,90.6,14,416,100,16.1,461,89.2,13,1012,90.5,11.2,303,79.9,22.1
1400000US42101036303,42101036303,"Census Tract 363.03, Philadelphia County, Pennsylvania",617,19.4,36.6,28.8,15.1,4493,3.9,7.2,47,18.2,5.6,12.9,5.2,88.9,18.1,697,92.7,41.8,1254,93.1,16.2,1471,91.5,15.7,1071,78.1,8.3
1400000US42101036400,42101036400,"Census Tract 364, Philadelphia County, Pennsylvania",14,50,50,0,0,393,33.3,16.5,40.7,7.6,0,1.8,0,50.1,1.8,125,69.6,0,99,15.2,0,124,58.9,5.6,45,48.9,0
1400000US42101036501,42101036501,"Census Tract 365.01, Philadelphia County, Pennsylvania",413,14.5,21.3,42.6,21.5,4065,2.9,5.3,38,16.9,6.3,19.7,10.8,91.8,30.5,985,100,37.1,723,100,28.5,1426,92.5,34.1,931,75.5,19.8
1400000US42101036502,42101036502,"Census Tract 365.02, Philadelphia County, Pennsylvania",305,6.9,28.9,57,7.2,2514,1.8,12.2,38.7,20.2,3.7,20.1,3.3,86.1,23.4,463,100,35,429,91.1,24.5,1091,85.8,24.7,531,70.4,10
1400000US42101036600,42101036600,"Census Tract 366, Philadelphia County, Pennsylvania",65,0,0,47.7,52.3,1139,0,0.9,5.6,16,2.1,47,28.4,99.1,75.4,276,100,83.3,266,100,76.3,425,97.6,67.1,172,100,82
1400000US42101036700,42101036700,"Census Tract 367, Philadelphia County, Pennsylvania",142,0,0,45.8,54.2,1830,4.5,4.8,15.6,8.8,9.4,35.5,21.4,90.7,56.8,775,97.2,76.5,388,100,75.8,494,92.5,27.9,173,35.3,8.7
1400000US42101036900,42101036900,"Census Tract 369, Philadelphia County, Pennsylvania",3644,1.3,12.5,78.7,7.5,1937,4.7,9.6,19.6,9,0.8,31.2,25,85.7,56.3,1195,97.2,82.3,151,100,55.6,207,92.3,6.8,384,40.9,2.1
1400000US42101037200,42101037200,"Census Tract 372, Philadelphia County, Pennsylvania",398,11.8,41.2,42.5,4.5,3085,8.1,14.7,42,10.8,3.9,15,5.5,77.1,20.5,344,92.2,37.8,749,84.2,43.5,1148,82.1,12.2,844,57.9,4.3
1400000US42101037300,42101037300,"Census Tract 373, Philadelphia County, Pennsylvania",272,3.3,28.7,40.4,27.6,3847,8.1,10.6,34.5,10.2,9.7,17,9.9,81.3,26.9,757,97.1,51.8,596,90.9,23.3,1497,79.6,24.9,997,66,13
1400000US42101037500,42101037500,"Census Tract 375, Philadelphia County, Pennsylvania",1293,5.5,23.1,70.4,1,2315,1.8,3.3,15.2,19,5.8,19.2,35.6,94.9,54.8,351,95.2,46.7,619,100,47.3,983,97,66.3,362,80.1,43.9
1400000US42101037600,42101037600,"Census Tract 376, Philadelphia County, Pennsylvania",165,0,20,22.4,57.6,1643,9.3,17,16.7,7.5,1.3,25,23,73.6,48,601,93.7,75.9,387,67.4,32.8,516,65.7,37.2,139,33.8,10.1
1400000US42101037700,42101037700,"Census Tract 377, Philadelphia County, Pennsylvania",2744,0,44.5,54.3,1.2,1790,7.5,22.2,48.3,10.6,4.1,4.1,3.2,70.3,7.4,637,86.8,13.8,343,61.2,6.4,540,68.1,4.1,270,47.4,0
1400000US42101037800,42101037800,"Census Tract 378, Philadelphia County, Pennsylvania",77,13,14.3,61,11.7,1502,7.2,22.8,31.1,13.2,8.4,13.5,3.7,70,17.2,347,83,32.3,466,79.6,14.4,479,61.4,13.2,210,46.7,8.1
1400000US42101037900,42101037900,"Census Tract 379, Philadelphia County, Pennsylvania",242,9.1,26,52.1,12.8,3484,3.2,15.8,49.1,11.5,5.2,10.9,4.2,81,15.2,1062,89,23.1,435,82.5,20.5,1175,86.4,16.5,812,61.8,0
1400000US42101038000,42101038000,"Census Tract 380, Philadelphia County, Pennsylvania",334,32,31.7,28.1,8.1,1466,8.9,20.2,47.3,16.5,2.8,1.8,2.5,70.9,4.3,351,77.2,3.7,409,83.9,0,501,71.1,4.8,205,33.7,12.7
1400000US42101038100,42101038100,"Census Tract 381, Philadelphia County, Pennsylvania",15,0,100,0,0,361,4.7,13.9,49.9,9.7,11.6,8,2.2,81.4,10.2,102,100,28.4,45,64.4,0,196,79.1,0,18,44.4,44.4
1400000US42101038200,42101038200,"Census Tract 382, Philadelphia County, Pennsylvania",239,31.8,34.3,20.5,13.4,1414,8,29.5,41.2,10.5,5,5.8,0,62.5,5.8,508,62,6.9,192,64.6,0,487,72.3,9.7,227,41,0
1400000US42101038300,42101038300,"Census Tract 383, Philadelphia County, Pennsylvania",357,38.7,38.4,23,0,1657,26.6,18.2,38.8,10.9,4.2,0.8,0.5,55.2,1.4,253,77.5,5.5,599,55.1,0,608,53.6,1.5,197,32,0
1400000US42101038400,42101038400,"Census Tract 384, Philadelphia County, Pennsylvania",123,0,17.9,74.8,7.3,1849,1.4,5.8,30.7,15.6,3.5,24.8,18.2,92.8,43,367,100,57.5,233,92.3,35.2,743,97.6,54.8,506,80.6,18.8
1400000US42101038500,42101038500,"Census Tract 385, Philadelphia County, Pennsylvania",116,16.4,13.8,31,38.8,1375,1.7,6.8,9.9,12.1,1,25.2,43.3,91.6,68.6,173,94.2,82.7,258,88,77.5,595,89.4,65.2,349,96.6,60.7
1400000US42101038600,42101038600,"Census Tract 386, Philadelphia County, Pennsylvania",12,41.7,0,0,58.3,1101,0,0.5,12.4,6.9,6.2,31.4,42.6,99.5,74,114,94.7,94.7,194,100,67.5,486,100,71.6,307,100,74.3
1400000US42101038700,42101038700,"Census Tract 387, Philadelphia County, Pennsylvania",591,4.4,42.8,50.3,2.5,1360,3.5,0,10.8,6.2,4.4,42,33.2,96.5,75.1,264,100,85.6,191,100,91.6,593,100,79.8,312,84.9,47.4
1400000US42101038800,42101038800,"Census Tract 388, Philadelphia County, Pennsylvania",196,6.1,45.4,48.5,0,2687,1.1,6.6,15.9,8.2,5,21.3,41.8,92.3,63.1,519,100,70.5,511,100,76.9,1078,92.6,67.1,579,78.1,37
1400000US42101038900,42101038900,"Census Tract 389, Philadelphia County, Pennsylvania",173,14.5,70.5,0,15,2511,7.3,14.5,32,26.5,1.3,12.6,5.8,78.2,18.4,454,85.7,10.6,413,86.2,2.4,1033,81.9,22.5,611,60.9,28.3
1400000US42101039000,42101039000,"Census Tract 390, Philadelphia County, Pennsylvania",648,30.1,28.2,39.5,2.2,4287,6,18.8,38.2,19.2,4.4,9.9,3.4,75.2,13.4,1296,81.9,20.1,1089,76.5,10.3,1454,71.5,9,448,64.7,15.6
1400000US42101980000,42101980000,"Census Tract 9800, Philadelphia County, Pennsylvania",503,0,12.3,87.7,0,137,0,0,8.8,35,0,50.4,5.8,100,56.2,68,100,80.9,0,-,-,69,100,31.9,0,-,-
1400000US42101980100,42101980100,"Census Tract 9801, Philadelphia County, Pennsylvania",0,-,-,-,-,48,16.7,0,22.9,22.9,0,0,37.5,83.3,37.5,0,-,-,0,-,-,40,100,45,8,0,0
1400000US42101980200,42101980200,"Census Tract 9802, Philadelphia County, Pennsylvania",24,0,0,54.2,45.8,360,3.3,3.1,31.1,6.4,3.9,18.9,33.3,93.6,52.2,0,-,-,0,-,-,58,100,53.4,302,92.4,52
1400000US42101980300,42101980300,"Census Tract 9803, Philadelphia County, Pennsylvania",0,-,-,-,-,0,-,-,-,-,-,-,-,-,-,0,-,-,0,-,-,0,-,-,0,-,-
1400000US42101980400,42101980400,"Census Tract 9804, Philadelphia County, Pennsylvania",0,-,-,-,-,0,-,-,-,-,-,-,-,-,-,0,-,-,0,-,-,0,-,-,0,-,-
1400000US42101980500,42101980500,"Census Tract 9805, Philadelphia County, Pennsylvania",0,-,-,-,-,0,-,-,-,-,-,-,-,-,-,0,-,-,0,-,-,0,-,-,0,-,-
1400000US42101980600,42101980600,"Census Tract 9806, Philadelphia County, Pennsylvania",47,0,17,0,83,45,0,37.8,22.2,20,0,20,0,62.2,20,0,-,-,0,-,-,28,100,32.1,17,0,0
1400000US42101980700,42101980700,"Census Tract 9807, Philadelphia County, Pennsylvania",0,-,-,-,-,0,-,-,-,-,-,-,-,-,-,0,-,-,0,-,-,0,-,-,0,-,-
1400000US42101980800,42101980800,"Census Tract 9808, Philadelphia County, Pennsylvania",0,-,-,-,-,0,-,-,-,-,-,-,-,-,-,0,-,-,0,-,-,0,-,-,0,-,-
1400000US42101980900,42101980900,"Census Tract 9809, Philadelphia County, Pennsylvania",0,-,-,-,-,0,-,-,-,-,-,-,-,-,-,0,-,-,0,-,-,0,-,-,0,-,-
1400000US42101989100,42101989100,"Census Tract 9891, Philadelphia County, Pennsylvania",2276,53.5,41.7,4.6,0.2,5114,5.3,33.7,42.4,14.3,2.8,1.4,0.1,61,1.6,2415,66.9,0.4,1521,58.3,1.7,1115,53.3,3.4,63,34.9,11.1
